id,dur,proto,service,state,spkts,dpkts,sbytes,dbytes,rate,sttl,dttl,sload,dload,sloss,dloss,sinpkt,dinpkt,sjit,djit,swin,stcpb,dtcpb,dwin,tcprtt,synack,ackdat,smean,dmean,trans_depth,response_body_len,ct_srv_src,ct_state_ttl,ct_dst_ltm,ct_src_dport_ltm,ct_dst_sport_ltm,ct_dst_src_ltm,is_ftp_login,ct_ftp_cmd,ct_flw_http_mthd,ct_src_ltm,ct_srv_dst,is_sm_ips_ports,attack_cat,label
15483,2.736664,tcp,-,FIN,232,438,13350,548216,244.458211,31,29,38858.98828,1598924.75,21,197,11.845558,6.261361,4449.110313,3234.831566,255,486483908,492604340,255,0.000558,0.000444,0.000114,58,1252,0,0,11,0,5,2,1,5,0,0,0,4,10,0,Normal,0
133350,9e-06,udp,dns,INT,2,0,114,0,111111.1072,254,0,50666664.0,0.0,0,0,0.009,0.0,0.0,0.0,0,0,0,0,0.0,0.0,0.0,57,0,0,0,10,2,10,10,10,10,0,0,0,10,10,0,Generic,1
80486,5.788526,tcp,-,FIN,36,34,6102,3892,11.920133,254,252,8199.668945,5221.36377,13,13,165.386453,172.34575,8561.040438,249.950547,255,3835852222,201002858,255,0.158826,0.057902,0.100924,170,114,0,0,4,1,2,1,1,4,0,0,0,2,4,0,Exploits,1
29973,3.849634,tcp,-,FIN,448,858,25160,1094788,338.993271,31,29,52169.11719,2272451.0,38,390,8.669644,4.496707,4053.08602,2918.730804,255,2802824152,661443578,255,0.000558,0.000448,0.00011,56,1276,0,0,9,0,3,2,1,6,0,0,0,2,9,0,Normal,0
18340,0.001052,udp,dns,CON,2,2,130,162,2851.711087,31,29,494296.5938,615969.625,0,0,0.008,0.007,0.0,0.0,0,0,0,0,0.0,0.0,0.0,65,81,0,0,3,0,4,1,1,1,0,0,0,3,3,0,Normal,0
170501,5e-06,udp,dns,INT,2,0,114,0,200000.0051,254,0,91200000.0,0.0,0,0,0.005,0.0,0.0,0.0,0,0,0,0,0.0,0.0,0.0,57,0,0,0,34,2,25,25,12,34,0,0,0,25,34,0,Generic,1
165831,8e-06,udp,dns,INT,2,0,114,0,125000.0003,254,0,57000000.0,0.0,0,0,0.008,0.0,0.0,0.0,0,0,0,0,0.0,0.0,0.0,57,0,0,0,9,2,9,9,9,9,0,0,0,9,9,0,Generic,1
55216,1.465899,tcp,-,FIN,34,16,28660,814,33.426587,254,252,151814.0,4169.455078,14,3,43.671909,91.675734,3963.321277,125.553867,255,3680557040,590273867,255,0.140336,0.090759,0.049577,843,51,0,0,6,1,1,1,1,4,0,0,0,2,4,0,Fuzzers,1
37757,0.034137,tcp,smtp,FIN,52,42,37492,3380,2724.316772,31,29,8617278.0,773354.4375,18,8,0.689755,0.819268,42.179459,1.804168,255,4019493883,1875135451,255,0.000667,0.000542,0.000125,721,80,0,0,1,0,2,1,1,1,0,0,0,2,1,0,Normal,0
22161,0.022733,tcp,-,FIN,48,50,2958,33044,4266.92489,31,29,1019487.125,11396297.0,7,18,0.477085,0.452469,25.926994,26.607684,255,2991578167,3016560789,255,0.000682,0.000559,0.000123,62,661,0,0,6,0,2,1,1,3,0,0,0,2,5,0,Normal,0
108232,1.008568,st2,-,INT,4,0,360,0,2.974514,254,0,2141.650146,0.0,0,0,336.189344,0.0,475.433625,0.0,0,0,0,0,0.0,0.0,0.0,90,0,0,0,1,2,1,1,1,1,0,0,0,2,1,0,DoS,1
117169,1e-05,unas,-,INT,2,0,200,0,100000.0025,254,0,80000000.0,0.0,0,0,0.01,0.0,0.0,0.0,0,0,0,0,0.0,0.0,0.0,100,0,0,0,3,2,1,1,1,3,0,0,0,1,3,0,DoS,1
100043,0.935165,tcp,-,FIN,14,12,774,642,26.733251,254,252,6150.786133,5038.683105,4,3,70.344695,80.192367,4331.012656,114.148,255,2235169008,3564158083,255,0.108777,0.053047,0.05573,55,54,0,0,3,1,1,1,1,3,0,0,0,1,3,0,Normal,0
164616,0.628938,tcp,-,FIN,10,8,672,354,27.02969,254,252,7695.511719,3943.154785,2,1,67.662778,76.505859,3950.174903,143.374063,255,761387674,2553412688,255,0.164335,0.093388,0.070947,67,44,0,0,6,1,3,3,2,5,0,0,0,4,4,0,Fuzzers,1
133423,8e-06,udp,dns,INT,2,0,114,0,125000.0003,254,0,57000000.0,0.0,0,0,0.008,0.0,0.0,0.0,0,0,0,0,0.0,0.0,0.0,57,0,0,0,17,2,17,17,17,17,0,0,0,18,17,0,Generic,1
12634,0.001721,udp,-,CON,4,4,536,304,4067.402792,31,29,1868681.0,1059849.0,0,0,0.445333,0.216667,0.623433,0.30076,0,0,0,0,0.0,0.0,0.0,134,76,0,0,4,0,7,1,1,3,0,0,0,4,9,0,Normal,0
118845,0.295378,tcp,-,FIN,22,8,20964,354,98.179282,254,252,542003.8125,8396.021484,8,1,13.330667,33.771,1072.16108,63.188059,255,2914001345,3494127494,255,0.110125,0.058965,0.05116,953,44,0,0,3,1,1,1,1,1,0,0,0,18,1,0,DoS,1
81343,1.281219,tcp,http,FIN,10,10,814,4216,14.829627,62,252,4576.891113,23696.18359,2,3,142.357667,133.498778,8195.23186,10703.67975,255,1363437743,3682765335,255,0.163493,0.078978,0.084515,81,422,1,1658,1,1,2,1,1,1,0,0,1,2,1,0,Exploits,1
44655,0.227764,tcp,-,FIN,10,6,534,268,65.857643,254,252,16894.68164,7867.792969,2,1,22.054778,38.775398,1159.036911,54.850969,255,563087363,3134541778,255,0.080349,0.03388,0.046469,53,45,0,0,10,1,3,3,1,10,0,0,0,3,10,0,Normal,0
164647,0.755426,tcp,http,FIN,10,6,862,268,19.856346,254,252,8217.879883,2372.171387,2,1,83.843,133.759203,4770.390222,236.562828,255,1931626147,3937346284,255,0.166695,0.086623,0.080072,86,45,1,0,1,1,1,1,1,1,0,0,1,17,1,0,DoS,1
121376,1.886326,tcp,smtp,FIN,246,52,301541,3212,157.448928,62,252,1273654.75,13363.54395,120,8,7.69929,36.621059,812.087143,44.448852,255,966415340,3247827097,255,0.063708,0.017971,0.045737,1226,62,0,0,1,1,2,1,1,2,0,0,0,2,1,0,Exploits,1
71628,4e-06,udp,-,INT,2,0,1064,0,250000.0006,254,0,1064000000.0,0.0,0,0,0.004,0.0,0.0,0.0,0,0,0,0,0.0,0.0,0.0,532,0,0,0,13,2,5,5,1,13,0,0,0,5,13,0,Fuzzers,1
169753,7e-06,irtp,-,INT,2,0,200,0,142857.1409,254,0,114285712.0,0.0,0,0,0.007,0.0,0.0,0.0,0,0,0,0,0.0,0.0,0.0,100,0,0,0,3,2,1,1,1,3,0,0,0,2,3,0,Exploits,1
28666,0.083126,tcp,-,FIN,22,24,2054,2478,541.346864,31,29,188725.5469,228568.6719,6,6,3.94219,3.589,387.589833,370.712767,255,1927366395,1927639011,255,0.000696,0.000574,0.000122,93,103,0,0,3,0,2,1,1,1,0,0,0,1,4,0,Normal,0
122478,1.513449,tcp,smtp,FIN,40,22,32398,1838,40.305291,62,252,166977.5469,9276.824219,17,8,38.806383,68.492383,2667.092044,83.45407,255,3054764925,1129032293,255,0.134157,0.074461,0.059696,810,84,0,0,1,1,1,1,1,1,0,0,0,1,1,0,Exploits,1
79338,1.06936,tcp,-,FIN,12,10,1058,834,19.637914,254,252,7256.676758,5618.313477,3,2,94.971729,110.069,5838.008125,179.677437,255,782466687,1773613715,255,0.143359,0.078736,0.064623,88,83,0,0,3,1,1,1,1,3,0,0,0,1,3,0,Fuzzers,1
34979,0.001688,udp,-,CON,4,4,520,304,4146.919314,31,29,1848341.125,1080568.75,0,0,0.442,0.210667,0.619426,0.29228,0,0,0,0,0.0,0.0,0.0,130,76,0,0,11,0,5,1,1,7,0,0,0,5,13,0,Normal,0
163547,9e-06,udp,dns,INT,2,0,114,0,111111.1072,254,0,50666664.0,0.0,0,0,0.009,0.0,0.0,0.0,0,0,0,0,0.0,0.0,0.0,57,0,0,0,34,2,24,24,12,34,0,0,0,24,34,0,Generic,1
18957,0.001056,udp,dns,CON,2,2,132,164,2840.909069,31,29,500000.0,621212.125,0,0,0.009,0.007,0.0,0.0,0,0,0,0,0.0,0.0,0.0,66,82,0,0,1,0,2,1,1,1,0,0,0,3,2,0,Normal,0
57039,1e-06,vmtp,-,INT,2,0,200,0,1000000.003,254,0,800000000.0,0.0,0,0,0.001,0.0,0.0,0.0,0,0,0,0,0.0,0.0,0.0,100,0,0,0,4,2,2,2,2,4,0,0,0,2,4,0,DoS,1
119993,8e-06,udp,dns,INT,2,0,114,0,125000.0003,254,0,57000000.0,0.0,0,0,0.008,0.0,0.0,0.0,0,0,0,0,0.0,0.0,0.0,57,0,0,0,31,2,31,31,14,31,0,0,0,31,31,0,Generic,1
90082,3.055214,tcp,smtp,FIN,340,68,426724,3720,133.214894,62,252,1114079.75,9599.328125,167,8,9.039095,45.452297,1092.360951,57.551484,255,3754076124,1087108880,255,0.056521,0.009155,0.047366,1255,55,0,0,1,1,1,1,1,1,0,0,0,1,1,0,Exploits,1
86280,9e-06,any,-,INT,2,0,200,0,111111.1072,254,0,88888888.0,0.0,0,0,0.009,0.0,0.0,0.0,0,0,0,0,0.0,0.0,0.0,100,0,0,0,9,2,3,2,2,13,0,0,0,3,9,0,Exploits,1
124146,8e-06,udp,dns,INT,2,0,114,0,125000.0003,254,0,57000000.0,0.0,0,0,0.008,0.0,0.0,0.0,0,0,0,0,0.0,0.0,0.0,57,0,0,0,42,2,30,30,15,42,0,0,0,30,42,0,Generic,1
16500,0.001026,udp,dns,CON,2,2,130,162,2923.976572,31,29,506822.5938,631578.9375,0,0,0.009,0.007,0.0,0.0,0,0,0,0,0.0,0.0,0.0,65,81,0,0,3,0,1,1,1,2,0,0,0,7,2,0,Normal,0
43467,9e-06,udp,-,INT,2,0,104,0,111111.1072,254,0,46222220.0,0.0,0,0,0.009,0.0,0.0,0.0,0,0,0,0,0.0,0.0,0.0,52,0,0,0,5,2,4,1,1,3,0,0,0,1,16,0,Normal,0
52856,2.494052,tcp,-,FIN,12,10,1106,838,8.420033,254,252,3252.538574,2421.761963,3,2,221.883639,266.810219,15036.21041,562.928,255,2140919817,293526054,255,0.195086,0.092757,0.102329,92,84,0,0,3,1,1,1,1,2,0,0,0,3,2,0,Fuzzers,1
151502,0.360369,tcp,http,FIN,10,10,778,4074,52.723736,62,252,15561.82715,81405.44531,2,3,40.041,36.996222,1915.839284,2470.559291,255,1091212451,2084355432,255,0.096385,0.026678,0.069707,78,407,1,1602,1,1,16,1,1,1,0,0,1,1,1,0,Generic,1
52809,0.882004,tcp,-,FIN,12,8,1036,764,21.541852,254,252,8616.741211,6067.999512,3,2,80.118364,114.016141,4168.584147,159.652719,255,564294611,2209243493,255,0.166484,0.083884,0.0826,86,96,0,0,5,1,1,1,1,5,0,0,0,1,5,0,Fuzzers,1
75779,1e-05,cpnx,-,INT,2,0,200,0,100000.0025,254,0,80000000.0,0.0,0,0,0.01,0.0,0.0,0.0,0,0,0,0,0.0,0.0,0.0,100,0,0,0,7,2,3,3,3,7,0,0,0,3,7,0,Exploits,1
60688,0.163239,sctp,-,CON,4,2,536,440,30.629935,254,60,19701.17383,10781.73731,0,0,54.413,0.002,76.941703,0.0,0,0,0,0,0.0,0.0,0.0,134,220,0,0,1,0,2,1,1,1,0,0,0,1,1,0,Exploits,1
43942,0.776058,tcp,-,FIN,10,6,656,268,19.328452,254,252,6092.328125,2309.105713,2,1,77.816889,127.977,3820.893158,160.791984,255,1808094695,991193107,255,0.200064,0.136172,0.063892,66,45,0,0,4,1,1,1,1,4,0,0,0,1,4,0,Normal,0
88426,0.466139,ospf,-,INT,20,0,1040,0,40.760375,254,0,16956.31641,0.0,0,0,24.533631,0.0,28.348688,0.0,0,0,0,0,0.0,0.0,0.0,52,0,0,0,1,2,1,1,1,1,0,0,0,1,1,0,Exploits,1
159674,8e-06,udp,-,INT,2,0,168,0,125000.0003,254,0,84000000.0,0.0,0,0,0.008,0.0,0.0,0.0,0,0,0,0,0.0,0.0,0.0,84,0,0,0,1,2,1,1,1,1,0,0,0,1,1,0,Reconnaissance,1
66860,1e-05,udp,-,INT,2,0,1064,0,100000.0025,254,0,425600000.0,0.0,0,0,0.01,0.0,0.0,0.0,0,0,0,0,0.0,0.0,0.0,532,0,0,0,2,2,2,2,1,3,0,0,0,2,2,0,Normal,0
160030,1.321989,tcp,-,FIN,10,6,1550,268,11.346539,254,252,8441.825195,1355.533203,2,1,146.779111,252.438594,10374.33689,469.838375,255,1812082781,2300660733,255,0.133749,0.059788,0.073961,155,45,0,0,2,1,1,1,1,2,0,0,0,1,2,0,Fuzzers,1
7704,0.051921,tcp,-,FIN,90,92,5174,83812,3486.065446,31,29,788428.5625,12773406.0,7,39,0.586477,0.570222,32.92516,32.592616,255,3630240770,1480975730,255,0.000739,0.000593,0.000146,57,911,0,0,7,0,2,1,1,2,0,0,0,2,4,0,Normal,0
145164,8e-06,udp,dns,INT,2,0,114,0,125000.0003,254,0,57000000.0,0.0,0,0,0.008,0.0,0.0,0.0,0,0,0,0,0.0,0.0,0.0,57,0,0,0,27,2,10,10,10,27,0,0,0,10,27,0,Generic,1
30000,1.010866,tcp,-,FIN,122,126,7820,15736,244.344937,31,29,61381.03125,123553.4609,30,32,8.351438,8.148089,503.287312,501.260949,255,2490512843,349147473,255,0.000632,0.000499,0.000133,64,125,0,0,12,0,1,1,1,2,0,0,0,1,2,0,Normal,0
16040,0.001012,udp,dns,CON,2,2,146,178,2964.426812,31,29,577075.0625,703557.3125,0,0,0.005,0.006,0.0,0.0,0,0,0,0,0.0,0.0,0.0,73,89,0,0,3,0,3,2,1,3,0,0,0,4,1,0,Normal,0
101270,0.054287,udp,dns,CON,2,2,120,798,55.261848,62,252,8841.895508,58798.60547,0,0,0.009,0.008,0.0,0.0,0,0,0,0,0.0,0.0,0.0,60,399,0,0,3,3,3,3,3,3,0,0,0,3,42,0,Exploits,1
63920,2.582825,tcp,-,FIN,16,14,922,728,11.228016,254,252,2679.237061,2093.831299,5,3,170.561469,190.620078,10470.35585,287.055656,255,4252281064,2316650356,255,0.161434,0.104754,0.05668,58,52,0,0,2,1,2,1,1,1,0,0,0,1,3,0,Fuzzers,1
153084,9e-06,udp,dns,INT,2,0,114,0,111111.1072,254,0,50666664.0,0.0,0,0,0.009,0.0,0.0,0.0,0,0,0,0,0.0,0.0,0.0,57,0,0,0,26,2,17,16,16,26,0,0,0,17,26,0,Generic,1
149993,0.376434,tcp,http,FIN,10,6,984,268,39.847623,254,252,18829.33008,4760.462891,2,1,39.173,61.816801,2050.44012,89.260781,255,2589852099,2582654028,255,0.121489,0.067348,0.054141,98,45,1,0,1,1,1,1,1,1,0,0,1,1,1,0,Exploits,1
151541,0.531132,tcp,-,FIN,10,6,534,268,28.241568,254,252,7244.903809,3373.926025,2,1,58.920444,80.042203,2978.558328,127.985352,255,3145462027,2862362025,255,0.200355,0.130919,0.069436,53,45,0,0,4,1,1,1,1,4,0,0,0,1,4,0,Fuzzers,1
24140,0.004806,tcp,-,FIN,18,18,3960,2456,7282.563753,31,29,6225551.5,3861839.5,7,7,0.264529,0.25,13.105747,0.326325,255,2739455747,597318784,255,0.00068,0.000552,0.000128,220,136,0,0,2,0,2,1,1,3,0,0,0,2,6,0,Normal,0
155683,9e-06,udp,dns,INT,2,0,114,0,111111.1072,254,0,50666664.0,0.0,0,0,0.009,0.0,0.0,0.0,0,0,0,0,0.0,0.0,0.0,57,0,0,0,33,2,16,16,16,34,0,0,0,16,33,0,Generic,1
57007,7e-06,unas,-,INT,2,0,200,0,142857.1409,254,0,114285712.0,0.0,0,0,0.007,0.0,0.0,0.0,0,0,0,0,0.0,0.0,0.0,100,0,0,0,1,2,1,1,1,1,0,0,0,2,1,0,Fuzzers,1
127096,1e-06,udp,-,INT,2,0,168,0,1000000.003,254,0,672000000.0,0.0,0,0,0.001,0.0,0.0,0.0,0,0,0,0,0.0,0.0,0.0,84,0,0,0,1,2,1,1,1,1,0,0,0,1,1,0,Reconnaissance,1
58128,0.779146,tcp,pop3,FIN,24,46,1144,38084,88.558497,62,252,11263.61426,382541.9063,7,21,33.875912,17.083511,1729.178799,1252.439932,255,312298458,1954977972,255,0.051868,0.005679,0.046189,48,828,0,0,1,1,1,1,1,1,0,0,0,1,1,0,Exploits,1
76191,1e-06,unas,-,INT,2,0,200,0,1000000.003,254,0,800000000.0,0.0,0,0,0.001,0.0,0.0,0.0,0,0,0,0,0.0,0.0,0.0,100,0,0,0,7,2,2,2,2,7,0,0,0,22,7,0,Exploits,1
119476,6e-06,udp,-,INT,2,0,614,0,166666.6608,254,0,409333312.0,0.0,0,0,0.006,0.0,0.0,0.0,0,0,0,0,0.0,0.0,0.0,307,0,0,0,3,2,2,2,1,3,0,0,0,20,3,0,Fuzzers,1
133274,3e-06,udp,dns,INT,2,0,114,0,333333.3215,254,0,152000000.0,0.0,0,0,0.003,0.0,0.0,0.0,0,0,0,0,0.0,0.0,0.0,57,0,0,0,31,2,8,8,8,31,0,0,0,8,31,0,Generic,1
157980,3e-06,udp,dns,INT,2,0,114,0,333333.3215,254,0,152000000.0,0.0,0,0,0.003,0.0,0.0,0.0,0,0,0,0,0.0,0.0,0.0,57,0,0,0,13,2,14,13,13,13,0,0,0,13,13,0,Generic,1
118533,9e-06,udp,dns,INT,2,0,114,0,111111.1072,254,0,50666664.0,0.0,0,0,0.009,0.0,0.0,0.0,0,0,0,0,0.0,0.0,0.0,57,0,0,0,31,2,16,16,16,31,0,0,0,18,31,0,Generic,1
93059,9e-06,fc,-,INT,2,0,200,0,111111.1072,254,0,88888888.0,0.0,0,0,0.009,0.0,0.0,0.0,0,0,0,0,0.0,0.0,0.0,100,0,0,0,14,2,5,4,4,17,0,0,0,6,14,0,DoS,1
98521,59.760056,ospf,-,INT,180,0,48960,0,2.995312,254,0,6517.79834,0.0,0,0,333.854969,0.0,403.300313,0.0,0,0,0,0,0.0,0.0,0.0,272,0,0,0,1,2,2,1,1,4,0,0,0,24,1,0,Analysis,1
101706,1.744254,tcp,pop3,FIN,40,162,1822,193911,115.235511,62,252,8150.188965,883885.0625,7,79,44.724463,10.488099,2132.726614,1038.90876,255,2886943804,53907407,255,0.088555,0.05506,0.033495,46,1197,0,0,1,1,1,1,1,1,0,0,0,3,1,0,Exploits,1
105798,0.268112,tcp,http,FIN,10,8,850,1860,63.406337,62,252,22826.28125,48576.71484,2,2,29.790222,33.186715,1570.843513,56.811434,255,1272957603,1142621852,255,0.076419,0.02488,0.051539,85,233,1,504,1,1,1,1,1,1,0,0,1,1,1,0,Exploits,1
136653,2e-06,udp,dns,INT,2,0,114,0,500000.0013,254,0,228000000.0,0.0,0,0,0.002,0.0,0.0,0.0,0,0,0,0,0.0,0.0,0.0,57,0,0,0,26,2,18,17,17,26,0,0,0,17,26,0,Generic,1
80559,1.18546,tcp,smtp,FIN,42,22,31189,1922,53.143929,62,252,205469.6094,12383.37891,17,8,28.913659,55.296617,2058.191605,79.397969,255,1825403596,1292615408,255,0.061956,0.011824,0.050132,743,87,0,0,1,1,1,1,1,1,0,0,0,1,1,0,Exploits,1
169194,3e-06,udp,dns,INT,2,0,114,0,333333.3215,254,0,152000000.0,0.0,0,0,0.003,0.0,0.0,0.0,0,0,0,0,0.0,0.0,0.0,57,0,0,0,27,2,8,8,8,27,0,0,0,8,27,0,Generic,1
138746,0.813364,tcp,smtp,FIN,20,20,2276,1772,47.94901,62,252,21274.60742,16563.30859,7,8,42.808633,41.846633,2091.64367,49.796914,255,2700197163,852977757,255,0.054178,0.00859,0.045588,114,89,0,0,1,1,1,1,1,1,0,0,0,1,1,0,Exploits,1
64159,0.84033,tcp,http,FIN,10,14,880,9528,27.3702,62,252,7539.89502,84233.57813,2,4,93.37,59.661925,5354.646413,5330.620386,255,749640279,2733606973,255,0.113626,0.064436,0.04919,88,681,0,0,2,1,1,1,1,1,0,0,0,1,1,0,Exploits,1
38018,0.05233,tcp,-,FIN,40,42,2542,23508,1547.869336,31,29,378979.5625,3508351.0,7,14,1.33141,1.263976,77.967087,76.536181,255,1466618432,3663733288,255,0.000639,0.000503,0.000136,64,560,0,0,8,0,1,1,1,1,0,0,0,5,3,0,Normal,0
273,0.001627,udp,-,CON,4,4,520,304,4302.396921,31,29,1917639.75,1121081.75,0,0,0.427,0.185,0.598212,0.253854,0,0,0,0,0.0,0.0,0.0,130,76,0,0,8,0,2,1,1,3,0,0,0,2,8,0,Normal,0
143896,1e-05,udp,-,INT,2,0,1064,0,100000.0025,254,0,425600000.0,0.0,0,0,0.01,0.0,0.0,0.0,0,0,0,0,0.0,0.0,0.0,532,0,0,0,1,2,2,1,1,1,0,0,0,2,3,0,Fuzzers,1
51086,2.897373,tcp,-,FIN,18,24,1000,11954,14.15075,62,252,2609.260254,31631.41211,6,10,170.433706,118.607698,9140.514152,7746.897273,255,1280099661,19774783,255,0.278821,0.134133,0.144688,56,498,0,0,4,1,2,1,1,2,0,0,0,2,3,0,Exploits,1
89685,3e-06,tcp,-,REQ,2,0,90,0,333333.3215,254,0,119999992.0,0.0,1,0,0.003,0.0,0.0,0.0,255,0,0,0,0.0,0.0,0.0,45,0,0,0,12,6,2,1,1,12,0,0,0,2,12,0,Normal,0
117343,0.202801,tcp,http,FIN,10,6,742,268,73.964131,254,252,26350.95508,8836.248047,2,1,22.533444,34.643199,1135.926024,66.46982,255,3345225339,1933420668,255,0.065991,0.016517,0.049474,74,45,1,0,1,1,1,1,1,1,0,0,1,35,1,0,Reconnaissance,1
99152,9e-06,udp,-,INT,2,0,304,0,111111.1072,254,0,135111104.0,0.0,0,0,0.009,0.0,0.0,0.0,0,0,0,0,0.0,0.0,0.0,152,0,0,0,1,2,1,1,1,1,0,0,0,1,1,0,Exploits,1
174045,9e-06,udp,dns,INT,2,0,114,0,111111.1072,254,0,50666664.0,0.0,0,0,0.009,0.0,0.0,0.0,0,0,0,0,0.0,0.0,0.0,57,0,0,0,24,2,17,17,17,24,0,0,0,18,24,0,Generic,1
124969,9e-06,udp,dns,INT,2,0,114,0,111111.1072,254,0,50666664.0,0.0,0,0,0.009,0.0,0.0,0.0,0,0,0,0,0.0,0.0,0.0,57,0,0,0,29,2,5,5,5,29,0,0,0,6,29,0,Generic,1
140950,9e-06,udp,dns,INT,2,0,114,0,111111.1072,254,0,50666664.0,0.0,0,0,0.009,0.0,0.0,0.0,0,0,0,0,0.0,0.0,0.0,57,0,0,0,29,2,29,29,14,29,0,0,0,29,29,0,Generic,1
163088,4e-06,udp,dns,INT,2,0,114,0,250000.0006,254,0,114000000.0,0.0,0,0,0.004,0.0,0.0,0.0,0,0,0,0,0.0,0.0,0.0,57,0,0,0,18,2,18,18,18,18,0,0,0,20,18,0,Generic,1
85155,1e-05,udp,snmp,INT,2,0,136,0,100000.0025,254,0,54400000.0,0.0,0,0,0.01,0.0,0.0,0.0,0,0,0,0,0.0,0.0,0.0,68,0,0,0,1,2,1,1,1,1,0,0,0,1,1,0,DoS,1
173958,1.027015,tcp,-,FIN,10,6,534,268,14.605435,254,252,3746.780762,1744.862549,2,1,111.384333,192.191,7139.68182,329.27775,255,2987919486,824044978,255,0.135963,0.066052,0.069911,53,45,0,0,5,1,1,1,1,2,0,0,0,2,2,0,Fuzzers,1
99296,1.084797,tcp,http,FIN,10,10,816,1142,17.514797,62,252,5420.368652,7581.141602,2,2,120.403333,110.107,6643.247942,192.994703,255,3379332469,2468897881,255,0.164063,0.093825,0.070238,82,114,1,126,2,1,2,2,2,2,0,0,4,2,2,0,Exploits,1
162424,9e-06,udp,dns,INT,2,0,114,0,111111.1072,254,0,50666664.0,0.0,0,0,0.009,0.0,0.0,0.0,0,0,0,0,0.0,0.0,0.0,57,0,0,0,12,2,13,12,12,13,0,0,0,12,12,0,Generic,1
150718,1.1e-05,udp,dns,INT,2,0,114,0,90909.0902,254,0,41454544.0,0.0,0,0,0.011,0.0,0.0,0.0,0,0,0,0,0.0,0.0,0.0,57,0,0,0,38,2,36,36,24,38,0,0,0,36,38,0,Generic,1
101296,0.438413,tcp,-,FIN,12,12,800,1944,52.461949,62,252,13393.76367,32517.28516,3,4,39.855727,39.186453,1948.580399,46.375355,255,4037359297,3704046736,255,0.053668,0.006806,0.046862,67,162,0,0,1,1,1,1,1,1,0,0,0,1,1,0,Exploits,1
108108,2.110187,tcp,ftp,FIN,12,12,632,682,10.899508,254,252,2198.857178,2373.249268,3,4,191.826543,182.123094,13780.49041,383.413187,255,878065427,1940488619,255,0.1607,0.106829,0.053871,53,57,0,0,1,1,1,1,1,1,0,0,0,1,1,0,Fuzzers,1
85609,0.649328,tcp,-,FIN,14,8,8372,412,32.341128,254,252,95779.02344,4447.675293,4,2,49.948308,80.565859,3686.399171,161.632703,255,3088842311,3505506412,255,0.025816,0.011417,0.014399,598,52,0,0,3,1,1,1,1,1,0,0,0,1,1,0,Exploits,1
174802,8e-06,udp,dns,INT,2,0,114,0,125000.0003,254,0,57000000.0,0.0,0,0,0.008,0.0,0.0,0.0,0,0,0,0,0.0,0.0,0.0,57,0,0,0,36,2,33,33,17,36,0,0,0,34,36,0,Generic,1
42435,0.51586,tcp,-,FIN,10,8,1612,354,32.954676,254,252,22502.22852,4807.505859,2,1,52.873889,68.88543,3554.033526,122.76157,255,3641881290,1076245632,255,0.091259,0.033653,0.057606,161,44,0,0,8,1,2,2,1,7,0,0,0,2,7,0,Normal,0
38958,0.018994,tcp,-,FIN,52,54,3182,39076,5528.061549,31,29,1314520.375,16153733.0,7,20,0.37078,0.353212,21.098665,20.319797,255,2522067573,2522384182,255,0.000766,0.000618,0.000148,61,724,0,0,10,0,4,1,1,1,0,0,0,4,4,0,Normal,0
143,1.1e-05,udp,-,INT,2,0,942,0,90909.0902,254,0,342545440.0,0.0,0,0,0.011,0.0,0.0,0.0,0,0,0,0,0.0,0.0,0.0,471,0,0,0,63,2,8,8,1,63,0,0,0,8,62,0,Normal,0
9556,0.004772,tcp,-,FIN,18,18,3744,2456,7334.450941,31,29,5927913.0,3889354.5,7,7,0.260529,0.248471,12.960206,0.337694,255,1317871,4504444,255,0.000708,0.000544,0.000164,208,136,0,0,6,0,7,1,1,3,0,0,0,5,17,0,Normal,0
66206,0.84498,tcp,-,FIN,14,12,794,678,29.586499,254,252,6987.147461,5888.896973,4,4,64.998459,68.158273,3201.23683,109.246555,255,596059507,51587266,255,0.112178,0.077055,0.035123,57,57,0,0,4,1,1,1,1,3,0,0,0,1,4,0,Normal,0
109113,3e-06,cftp,-,INT,2,0,200,0,333333.3215,254,0,266666656.0,0.0,0,0,0.003,0.0,0.0,0.0,0,0,0,0,0.0,0.0,0.0,100,0,0,0,4,2,3,3,3,4,0,0,0,4,4,0,Backdoor,1
174632,8e-06,udp,dns,INT,2,0,114,0,125000.0003,254,0,57000000.0,0.0,0,0,0.008,0.0,0.0,0.0,0,0,0,0,0.0,0.0,0.0,57,0,0,0,19,2,16,16,16,19,0,0,0,16,19,0,Generic,1
14054,0.00111,udp,dns,CON,2,2,146,178,2702.702815,31,29,526126.125,641441.4375,0,0,0.008,0.007,0.0,0.0,0,0,0,0,0.0,0.0,0.0,73,89,0,0,4,0,3,1,1,2,0,0,0,4,2,0,Normal,0
96043,9e-06,rsvp,-,INT,2,0,200,0,111111.1072,254,0,88888888.0,0.0,0,0,0.009,0.0,0.0,0.0,0,0,0,0,0.0,0.0,0.0,100,0,0,0,14,2,5,4,4,17,0,0,0,6,14,0,Fuzzers,1
69377,1.604643,tcp,http,FIN,10,12,830,4678,13.087023,62,252,3724.192871,21382.94922,2,3,178.293667,135.214276,9660.164641,10930.89337,255,3003176716,1906360517,255,0.291593,0.116556,0.175037,83,390,0,0,1,1,2,1,1,1,0,0,0,2,2,0,Exploits,1
51506,0.498772,tcp,-,FIN,12,8,1260,742,38.093558,254,252,18525.49805,10425.60547,3,2,43.958,61.796285,2359.34401,98.126492,255,3254736661,22196518,255,0.121826,0.066185,0.055641,105,93,0,0,5,1,2,2,1,5,0,0,0,2,5,0,Fuzzers,1
147150,5e-06,udp,dns,INT,2,0,114,0,200000.0051,254,0,91200000.0,0.0,0,0,0.005,0.0,0.0,0.0,0,0,0,0,0.0,0.0,0.0,57,0,0,0,44,2,10,10,7,44,0,0,0,10,44,0,Generic,1
35965,6e-06,udp,-,INT,2,0,1066,0,166666.6608,254,0,710666624.0,0.0,0,0,0.006,0.0,0.0,0.0,0,0,0,0,0.0,0.0,0.0,533,0,0,0,13,2,3,3,1,13,0,0,0,3,13,0,Normal,0
47722,3.203837,tcp,ftp,FIN,14,12,810,682,7.803144,254,252,1880.245483,1563.125732,4,4,246.399385,271.717719,19338.8588,580.650125,255,424230504,2485356923,255,0.315049,0.214937,0.100112,58,57,0,0,1,1,1,1,1,1,1,1,0,1,1,0,Normal,0
174488,9e-06,udp,dns,INT,2,0,114,0,111111.1072,254,0,50666664.0,0.0,0,0,0.009,0.0,0.0,0.0,0,0,0,0,0.0,0.0,0.0,57,0,0,0,27,2,17,16,16,27,0,0,0,17,27,0,Generic,1
171718,8e-06,aris,-,INT,2,0,200,0,125000.0003,254,0,100000000.0,0.0,0,0,0.008,0.0,0.0,0.0,0,0,0,0,0.0,0.0,0.0,100,0,0,0,4,2,2,2,2,4,0,0,0,4,4,0,Exploits,1
65839,0.834369,tcp,-,FIN,10,8,564,354,20.374678,254,252,4870.746582,2972.305908,2,1,92.707667,104.176711,6029.553226,162.36675,255,1425910807,1147465283,255,0.132975,0.058969,0.074006,56,44,0,0,3,1,3,1,1,1,0,0,0,1,5,0,Reconnaissance,1
74057,1.011412,tcp,-,FIN,10,8,564,354,16.808185,254,252,4018.144775,2452.017578,2,1,106.115778,129.584,6731.036844,185.391828,255,1423287176,2858472676,255,0.195107,0.10432,0.090787,56,44,0,0,1,1,1,1,1,1,0,0,0,1,2,0,Reconnaissance,1
23133,0.001042,udp,dns,CON,2,2,132,164,2879.078645,31,29,506717.8438,629558.5,0,0,0.007,0.007,0.0,0.0,0,0,0,0,0.0,0.0,0.0,66,82,0,0,3,0,2,1,1,1,0,0,0,2,2,0,Normal,0
4405,0.038999,tcp,-,FIN,64,64,3806,51704,3256.493865,31,29,768635.125,10440678.0,7,26,0.622952,0.609175,38.001053,36.722531,255,2040136249,4190040804,255,0.000738,0.000612,0.000126,59,808,0,0,2,0,4,1,1,2,0,0,0,2,3,0,Normal,0
111715,6e-06,dgp,-,INT,2,0,200,0,166666.6608,254,0,133333328.0,0.0,0,0,0.006,0.0,0.0,0.0,0,0,0,0,0.0,0.0,0.0,100,0,0,0,3,2,3,3,3,3,0,0,0,3,3,0,Exploits,1
104808,0.76188,tcp,-,FIN,10,8,534,354,22.313226,254,252,5050.664062,3255.105957,2,1,84.653333,98.888289,4976.181832,165.421141,255,3278320343,193982277,255,0.115893,0.069003,0.04689,53,44,0,0,3,1,1,1,1,3,0,0,0,9,3,0,Normal,0
104097,3e-06,unas,-,INT,2,0,200,0,333333.3215,254,0,266666656.0,0.0,0,0,0.003,0.0,0.0,0.0,0,0,0,0,0.0,0.0,0.0,100,0,0,0,1,2,1,1,1,1,0,0,0,1,1,0,Analysis,1
105222,1.236958,tcp,http,FIN,24,80,2374,101214,83.268791,62,252,14719.98242,646418.0625,4,37,53.780783,14.612836,3212.929983,1611.52582,255,1602496307,2715868191,255,0.106653,0.081817,0.024836,99,1265,1,114,1,1,1,1,1,1,0,0,1,2,1,0,Exploits,1
106884,0.486545,tcp,-,FIN,10,6,534,268,30.829625,254,252,7908.82666,3683.112549,2,1,52.700333,81.613797,2733.290672,133.108891,255,1512479863,2343973706,255,0.098939,0.078474,0.020465,53,45,0,0,3,1,1,1,1,3,0,0,0,1,3,0,Normal,0
7917,1.011892,tcp,http,FIN,14,18,1684,10168,30.635682,31,29,12364.95606,75929.05469,3,5,77.811154,59.492059,8766.526602,7676.161077,255,2922761091,2919606830,255,0.000653,0.000522,0.000131,120,565,1,3924,1,0,5,1,1,2,0,0,1,1,5,0,Normal,0
83977,0.768635,tcp,-,FIN,10,8,612,354,22.11713,254,252,5734.841797,3226.499023,2,1,85.403889,93.095711,4826.078515,176.092578,255,3372500952,2988029283,255,0.170205,0.090112,0.080093,61,44,0,0,2,1,1,1,1,1,0,0,0,26,1,0,Shellcode,1
170136,3e-06,ipv6-route,-,INT,2,0,200,0,333333.3215,254,0,266666656.0,0.0,0,0,0.003,0.0,0.0,0.0,0,0,0,0,0.0,0.0,0.0,100,0,0,0,7,2,3,3,3,7,0,0,0,4,7,0,Backdoor,1
4373,1.137436,tcp,http,FIN,14,18,1684,10168,27.25428,31,29,11000.17871,67548.41406,3,5,87.467538,66.877588,9648.373216,8447.050761,255,1832916002,3983947608,255,0.000637,0.000511,0.000126,120,565,1,3924,2,0,2,1,1,1,0,0,1,6,2,0,Normal,0
7961,0.00105,udp,dns,CON,2,2,146,178,2857.142959,31,29,556190.5,678095.25,0,0,0.009,0.007,0.0,0.0,0,0,0,0,0.0,0.0,0.0,73,89,0,0,4,0,3,1,1,1,0,0,0,2,3,0,Normal,0
95851,6e-06,snp,-,INT,2,0,200,0,166666.6608,254,0,133333328.0,0.0,0,0,0.006,0.0,0.0,0.0,0,0,0,0,0.0,0.0,0.0,100,0,0,0,9,2,6,4,4,13,0,0,0,8,9,0,Reconnaissance,1
64554,3.426918,tcp,-,FIN,26,72,1364,71942,28.305317,62,252,3062.810303,165613.5313,6,33,137.0528,46.494803,7533.977316,4422.575822,255,1801743096,4230176255,255,0.19748,0.125779,0.071701,52,999,0,0,6,1,1,1,1,1,0,0,0,1,1,0,Exploits,1
119790,9e-06,udp,dns,INT,2,0,114,0,111111.1072,254,0,50666664.0,0.0,0,0,0.009,0.0,0.0,0.0,0,0,0,0,0.0,0.0,0.0,57,0,0,0,20,2,18,18,18,20,0,0,0,18,20,0,Generic,1
80957,7.911473,tcp,-,FIN,108,624,4884,799648,92.397461,62,252,4893.146973,807300.5,6,310,73.939,12.708785,3754.677756,1558.184909,255,200658738,4169003070,255,0.137292,0.056106,0.081186,45,1281,0,0,2,1,1,1,1,1,0,0,0,25,1,0,Exploits,1
169326,3e-06,udp,dns,INT,2,0,114,0,333333.3215,254,0,152000000.0,0.0,0,0,0.003,0.0,0.0,0.0,0,0,0,0,0.0,0.0,0.0,57,0,0,0,13,2,13,13,13,13,0,0,0,13,13,0,Generic,1
92734,9e-06,pnni,-,INT,2,0,200,0,111111.1072,254,0,88888888.0,0.0,0,0,0.009,0.0,0.0,0.0,0,0,0,0,0.0,0.0,0.0,100,0,0,0,6,2,3,2,2,8,0,0,0,5,6,0,Reconnaissance,1
117235,9e-06,udp,dns,INT,2,0,114,0,111111.1072,254,0,50666664.0,0.0,0,0,0.009,0.0,0.0,0.0,0,0,0,0,0.0,0.0,0.0,57,0,0,0,46,2,31,31,17,46,0,0,0,31,46,0,Generic,1
172426,8e-06,udp,dns,INT,2,0,114,0,125000.0003,254,0,57000000.0,0.0,0,0,0.008,0.0,0.0,0.0,0,0,0,0,0.0,0.0,0.0,57,0,0,0,18,2,17,16,16,18,0,0,0,17,18,0,Generic,1
175269,9e-06,udp,dns,INT,2,0,114,0,111111.1072,254,0,50666664.0,0.0,0,0,0.009,0.0,0.0,0.0,0,0,0,0,0.0,0.0,0.0,57,0,0,0,34,2,12,10,10,34,0,0,0,10,34,0,Generic,1
111053,0.0,arp,-,INT,1,0,46,0,0.0,0,0,0.0,0.0,0,0,60000.792,0.0,0.0,0.0,0,0,0,0,0.0,0.0,0.0,46,0,0,0,2,2,2,2,2,2,0,0,0,2,2,1,Normal,0
19894,0.001077,udp,dns,CON,2,2,130,162,2785.515187,31,29,482822.625,601671.25,0,0,0.008,0.008,0.0,0.0,0,0,0,0,0.0,0.0,0.0,65,81,0,0,2,0,4,1,1,1,0,0,0,3,2,0,Normal,0
85357,1.02188,cbt,-,INT,4,0,360,0,2.935765,254,0,2113.750977,0.0,0,0,340.626656,0.0,481.706125,0.0,0,0,0,0,0.0,0.0,0.0,90,0,0,0,10,2,8,8,8,10,0,0,0,8,10,0,Exploits,1
135918,0.857924,tcp,pop3,FIN,20,20,962,3740,45.458573,62,252,8522.899414,33131.14063,7,8,45.153894,44.656,2118.117698,49.228043,255,1884935909,907996954,255,0.05868,0.008631,0.050049,48,187,0,0,1,1,1,1,1,1,0,0,0,1,1,0,Exploits,1
77380,4e-06,scps,-,INT,2,0,200,0,250000.0006,254,0,200000000.0,0.0,0,0,0.004,0.0,0.0,0.0,0,0,0,0,0.0,0.0,0.0,100,0,0,0,4,2,2,2,2,4,0,0,0,24,4,0,DoS,1
1070,2.461457,tcp,-,FIN,16,18,1540,1644,13.406694,31,29,4693.155273,5047.416992,4,4,164.073129,151.512563,11213.25462,265.163937,255,4102291505,3382821377,255,0.038106,0.037235,0.000871,96,91,0,0,14,0,18,13,1,7,0,0,0,14,17,0,Normal,0
70854,0.032103,udp,-,CON,2,2,85,126,93.449215,254,60,10715.50977,15699.46777,0,0,0.01,0.008,0.0,0.0,0,0,0,0,0.0,0.0,0.0,43,63,0,0,1,0,1,1,1,1,0,0,0,1,1,0,Exploits,1
161032,9e-06,udp,dns,INT,2,0,114,0,111111.1072,254,0,50666664.0,0.0,0,0,0.009,0.0,0.0,0.0,0,0,0,0,0.0,0.0,0.0,57,0,0,0,44,2,28,28,14,44,0,0,0,28,44,0,Generic,1
42174,1e-05,udp,-,INT,2,0,1064,0,100000.0025,254,0,425600000.0,0.0,0,0,0.01,0.0,0.0,0.0,0,0,0,0,0.0,0.0,0.0,532,0,0,0,34,2,13,13,1,34,0,0,0,13,34,0,Normal,0
70300,6e-06,unas,-,INT,2,0,200,0,166666.6608,254,0,133333328.0,0.0,0,0,0.006,0.0,0.0,0.0,0,0,0,0,0.0,0.0,0.0,100,0,0,0,5,2,2,2,2,5,0,0,0,2,5,0,Exploits,1
107014,9e-06,unas,-,INT,2,0,200,0,111111.1072,254,0,88888888.0,0.0,0,0,0.009,0.0,0.0,0.0,0,0,0,0,0.0,0.0,0.0,100,0,0,0,1,2,1,1,1,1,0,0,0,1,1,0,DoS,1
171338,1.555774,tcp,http,FIN,10,8,822,1058,10.927037,62,252,3805.179932,4761.617188,2,2,172.863778,208.139578,10135.98536,412.410156,255,3437860473,2286299427,255,0.211572,0.097362,0.11421,82,132,1,127,2,1,2,2,2,2,0,0,4,2,2,0,Fuzzers,1
17030,0.004683,tcp,-,FIN,18,18,3936,2456,7473.841498,31,29,6351484.0,3963271.5,7,7,0.255529,0.246824,12.712465,0.323028,255,2482211538,2485225999,255,0.000609,0.000484,0.000125,219,136,0,0,6,0,5,1,1,3,0,0,0,4,6,0,Normal,0
162727,1e-06,udp,dns,INT,2,0,114,0,1000000.003,254,0,456000000.0,0.0,0,0,0.001,0.0,0.0,0.0,0,0,0,0,0.0,0.0,0.0,57,0,0,0,33,2,16,16,16,33,0,0,0,17,33,0,Generic,1
133602,9e-06,udp,dns,INT,2,0,114,0,111111.1072,254,0,50666664.0,0.0,0,0,0.009,0.0,0.0,0.0,0,0,0,0,0.0,0.0,0.0,57,0,0,0,28,2,11,11,3,28,0,0,0,11,28,0,Generic,1
43666,0.0,udp,-,INT,2,0,104,0,0.0,254,0,0.0,0.0,0,0,0.0,0.0,0.0,0.0,0,0,0,0,0.0,0.0,0.0,52,0,0,0,2,2,1,1,1,2,0,0,0,1,2,0,Normal,0
84412,9e-06,unas,-,INT,2,0,200,0,111111.1072,254,0,88888888.0,0.0,0,0,0.009,0.0,0.0,0.0,0,0,0,0,0.0,0.0,0.0,100,0,0,0,5,2,4,3,3,8,0,0,0,4,5,0,Exploits,1
71681,9e-06,unas,-,INT,2,0,200,0,111111.1072,254,0,88888888.0,0.0,0,0,0.009,0.0,0.0,0.0,0,0,0,0,0.0,0.0,0.0,100,0,0,0,6,2,2,2,2,6,0,0,0,3,6,0,Analysis,1
72607,0.89933,tcp,http,FIN,10,8,988,354,18.902961,254,252,7917.004883,2757.608398,2,1,91.963111,118.18057,6140.909454,148.218312,255,1427787453,2891272480,255,0.140968,0.072061,0.068907,99,44,1,0,1,1,1,1,1,2,0,0,1,1,1,0,Exploits,1
61964,0.740434,tcp,-,FIN,60,14,68183,612,98.590828,254,252,724407.5625,6147.746094,27,1,12.107203,52.15,1300.182781,70.824664,255,3273193047,2988641976,255,0.117796,0.062481,0.055315,1136,44,1,0,9,1,19,1,1,26,0,0,1,21,3,0,Fuzzers,1
109476,9e-06,tcf,-,INT,2,0,200,0,111111.1072,254,0,88888888.0,0.0,0,0,0.009,0.0,0.0,0.0,0,0,0,0,0.0,0.0,0.0,100,0,0,0,2,2,1,1,1,2,0,0,0,2,2,0,Exploits,1
34007,0.019887,tcp,-,FIN,40,42,2542,23508,4073.012455,31,29,997234.375,9231759.0,7,14,0.529054,0.484375,0.0,31.019648,255,1833971440,4003636174,255,0.00068,0.000509,0.000171,64,560,0,0,6,0,1,1,1,1,0,0,0,4,6,0,Normal,0
163836,9e-06,udp,dns,INT,2,0,114,0,111111.1072,254,0,50666664.0,0.0,0,0,0.009,0.0,0.0,0.0,0,0,0,0,0.0,0.0,0.0,57,0,0,0,30,2,13,13,6,30,0,0,0,13,30,0,Generic,1
118891,0.343582,tcp,-,FIN,10,6,534,268,43.6577,254,252,11199.65527,5215.639648,2,1,36.707889,57.635801,1871.779964,85.017242,255,1723418587,1781182341,255,0.103277,0.055394,0.047883,53,45,0,0,3,1,1,1,1,3,0,0,0,1,3,0,Fuzzers,1
65601,0.723689,tcp,-,FIN,16,10,972,556,34.545225,254,252,10081.67871,5538.290527,5,3,46.940133,73.883781,2529.213798,100.279234,255,1581708880,2317293455,255,0.117845,0.058733,0.059112,61,56,0,0,6,1,1,1,1,6,0,0,0,1,6,0,Normal,0
104773,4e-06,leaf-1,-,INT,2,0,200,0,250000.0006,254,0,200000000.0,0.0,0,0,0.004,0.0,0.0,0.0,0,0,0,0,0.0,0.0,0.0,100,0,0,0,4,2,3,2,2,6,0,0,0,3,4,0,DoS,1
15978,0.015872,tcp,-,FIN,48,50,2974,30506,6111.391212,31,29,1468246.0,15068549.0,7,18,0.330979,0.311163,19.219988,18.646547,255,3124195708,3124501800,255,0.000758,0.000617,0.000141,62,610,0,0,2,0,2,1,1,2,0,0,0,1,6,0,Normal,0
86358,0.698257,tcp,http,FIN,10,6,960,268,21.482061,254,252,9898.933594,2566.390137,2,1,71.595444,121.450797,3626.139929,181.73725,255,2318430176,3688368086,255,0.222973,0.091001,0.131972,96,45,0,0,3,1,2,1,1,1,0,0,0,2,1,0,Exploits,1
150022,4e-06,udp,dns,INT,2,0,114,0,250000.0006,254,0,114000000.0,0.0,0,0,0.004,0.0,0.0,0.0,0,0,0,0,0.0,0.0,0.0,57,0,0,0,33,2,33,33,16,33,0,0,0,34,33,0,Generic,1
45782,0.726235,tcp,-,FIN,10,6,2516,268,20.654472,254,252,24950.60156,2467.520996,2,1,74.805444,129.443797,3975.196205,208.080594,255,1848229827,1654793530,255,0.18036,0.079013,0.101347,252,45,0,0,2,1,1,1,1,2,0,0,0,1,3,0,Normal,0
172962,9e-06,udp,-,INT,2,0,168,0,111111.1072,254,0,74666664.0,0.0,0,0,0.009,0.0,0.0,0.0,0,0,0,0,0.0,0.0,0.0,84,0,0,0,2,2,1,1,1,1,0,0,0,2,1,0,Reconnaissance,1
108423,0.0,arp,-,INT,1,0,46,0,0.0,0,0,0.0,0.0,0,0,60000.56,0.0,0.0,0.0,0,0,0,0,0.0,0.0,0.0,46,0,0,0,2,2,2,2,2,2,0,0,0,2,2,1,Normal,0
149878,1e-05,udp,dns,INT,2,0,114,0,100000.0025,254,0,45600000.0,0.0,0,0,0.01,0.0,0.0,0.0,0,0,0,0,0.0,0.0,0.0,57,0,0,0,22,2,8,8,8,22,0,0,0,8,22,0,Generic,1
157352,6e-06,udp,-,INT,2,0,104,0,166666.6608,254,0,69333328.0,0.0,0,0,0.006,0.0,0.0,0.0,0,0,0,0,0.0,0.0,0.0,52,0,0,0,3,2,1,1,1,3,0,0,0,2,4,0,Fuzzers,1
151465,4e-06,udp,dns,INT,2,0,114,0,250000.0006,254,0,114000000.0,0.0,0,0,0.004,0.0,0.0,0.0,0,0,0,0,0.0,0.0,0.0,57,0,0,0,28,2,11,11,11,28,0,0,0,12,28,0,Generic,1
171992,6e-06,udp,dns,INT,2,0,114,0,166666.6608,254,0,76000000.0,0.0,0,0,0.006,0.0,0.0,0.0,0,0,0,0,0.0,0.0,0.0,57,0,0,0,40,2,32,32,16,40,0,0,0,33,40,0,Generic,1
50455,3e-06,unas,-,INT,2,0,200,0,333333.3215,254,0,266666656.0,0.0,0,0,0.003,0.0,0.0,0.0,0,0,0,0,0.0,0.0,0.0,100,0,0,0,7,2,2,2,2,7,0,0,0,20,7,0,Exploits,1
104103,3e-06,unas,-,INT,2,0,200,0,333333.3215,254,0,266666656.0,0.0,0,0,0.003,0.0,0.0,0.0,0,0,0,0,0.0,0.0,0.0,100,0,0,0,2,2,2,2,2,2,0,0,0,2,2,0,DoS,1
63028,0.64983,tcp,-,FIN,10,6,2516,268,23.082961,254,252,27884.2168,2757.644287,2,1,68.549556,104.924398,3610.107376,154.206422,255,1551228503,1370496721,255,0.167128,0.1252,0.041928,252,45,0,0,7,1,4,3,2,7,0,0,0,3,8,0,Fuzzers,1
65362,4.7e-05,swipe,-,INT,1,0,60,0,0.0,0,0,0.0,0.0,0,0,0.0,0.0,0.0,0.0,0,0,0,0,0.0,0.0,0.0,60,0,0,0,4,2,2,1,1,4,0,0,0,2,4,0,Exploits,1
64298,0.558014,tcp,http,FIN,10,6,1020,268,26.881047,254,252,13160.96094,3211.38916,2,1,59.765889,106.929203,3338.390822,189.465984,255,2399233317,771180114,255,0.089798,0.023365,0.066433,102,45,0,0,1,1,1,1,1,1,0,0,0,1,1,0,Exploits,1
85744,0.501022,tcp,-,FIN,10,6,698,268,29.938806,254,252,10043.47168,3576.689453,2,1,55.569778,78.805,3052.562187,123.410398,255,2151575710,2990942783,255,0.24432,0.106992,0.137328,70,45,0,0,7,1,3,3,2,6,0,0,0,3,6,0,Fuzzers,1
122191,9e-06,udp,dns,INT,2,0,114,0,111111.1072,254,0,50666664.0,0.0,0,0,0.009,0.0,0.0,0.0,0,0,0,0,0.0,0.0,0.0,57,0,0,0,13,2,10,10,10,13,0,0,0,10,13,0,Generic,1
164380,1.370377,tcp,-,FIN,12,10,994,814,15.324251,254,252,5324.08252,4279.114746,3,2,124.579724,142.235109,7014.9011,241.249016,255,1854403349,2760987773,255,0.152936,0.090122,0.062814,83,81,0,0,2,1,2,1,1,1,0,0,0,2,1,0,Fuzzers,1
105136,0.678011,tcp,smtp,FIN,50,24,41303,1988,107.66787,62,252,477596.9688,22489.31055,22,8,13.836959,25.812131,968.757924,30.64751,255,438345695,3574606976,255,0.074625,0.047454,0.027171,826,83,0,0,2,1,1,1,1,2,0,0,0,1,2,0,Exploits,1
83961,0.220345,tcp,http,FIN,10,6,780,268,68.075062,254,252,25487.30273,8132.700684,2,1,24.482778,41.910199,1168.225705,62.050789,255,103193733,3793460808,255,0.065575,0.010077,0.055498,78,45,1,0,2,1,1,1,1,1,0,0,1,2,1,0,Reconnaissance,1
52772,1.078167,sctp,-,CON,4,2,728,384,4.637501,254,60,4051.320557,1424.640259,0,0,359.389,0.003,508.239375,0.0,0,0,0,0,0.0,0.0,0.0,182,192,0,0,1,0,1,1,1,1,0,0,0,1,1,0,Exploits,1
141213,6e-06,udp,dns,INT,2,0,114,0,166666.6608,254,0,76000000.0,0.0,0,0,0.006,0.0,0.0,0.0,0,0,0,0,0.0,0.0,0.0,57,0,0,0,36,2,29,29,12,36,0,0,0,32,36,0,Generic,1
145794,9.259217,tcp,http,FIN,124,692,6626,962903,88.020399,62,252,5679.097656,830750.125,2,344,75.273311,13.292772,3691.351086,1561.770469,255,1777949960,404584979,255,0.1266,0.07391,0.05269,53,1391,1,467212,1,1,2,1,1,1,0,0,1,1,1,0,Generic,1
95705,0.62673,tcp,-,FIN,10,8,564,354,27.124917,254,252,6484.450684,3957.046631,2,1,69.146778,88.68857,5453.912239,138.639,255,1965202660,1681318077,255,0.050381,0.005901,0.04448,56,44,0,0,1,1,1,1,1,1,0,0,0,1,1,0,Reconnaissance,1
132126,0.805983,tcp,smtp,FIN,20,20,2618,1814,48.388117,62,252,24695.31055,17112.02344,7,8,42.420157,41.754051,2079.286358,50.000434,255,1138381212,484621335,255,0.052366,0.007947,0.044419,131,91,0,0,1,1,1,1,1,1,0,0,0,1,1,0,Exploits,1
25166,0.026594,tcp,ssh,FIN,108,114,9504,12298,8310.145165,31,29,2832518.5,3667293.5,26,31,0.252548,0.242374,16.35473,15.047126,255,494326155,2640033781,255,0.000816,0.000651,0.000165,88,108,0,0,1,0,4,1,1,2,0,0,0,4,1,0,Normal,0
131346,3e-06,udp,dns,INT,2,0,114,0,333333.3215,254,0,152000000.0,0.0,0,0,0.003,0.0,0.0,0.0,0,0,0,0,0.0,0.0,0.0,57,0,0,0,33,2,33,33,15,33,0,0,0,33,33,0,Generic,1
121493,58.062927,ospf,-,REQ,52,0,5616,0,0.878357,254,0,758.900757,0.0,0,0,1170.50325,0.0,1428.380625,0.0,0,0,0,0,0.0,0.0,0.0,108,0,0,0,1,6,1,1,1,1,0,0,0,2,1,0,DoS,1
45853,7.708284,tcp,-,REQ,10,0,450,0,1.167575,254,0,420.327026,0.0,9,0,856.476,0.0,1463.631125,0.0,255,0,0,0,0.0,0.0,0.0,45,0,0,0,21,6,19,2,2,20,0,0,0,19,20,0,Normal,0
129094,7e-06,unas,-,INT,2,0,200,0,142857.1409,254,0,114285712.0,0.0,0,0,0.007,0.0,0.0,0.0,0,0,0,0,0.0,0.0,0.0,100,0,0,0,7,2,3,3,3,7,0,0,0,4,7,0,DoS,1
84234,1.059807,tcp,-,FIN,12,8,3678,354,17.927793,254,252,25453.69336,2340.048828,3,1,92.719911,142.750719,6106.70542,228.567078,255,4116170888,3419509125,255,0.13358,0.060551,0.073029,307,44,0,0,3,1,1,1,1,2,0,0,0,2,2,0,Normal,0
99741,0.68943,tcp,ftp-data,FIN,8,8,364,856,21.757104,62,252,3701.608643,8691.237305,1,2,98.49,93.650711,6974.390937,186.328781,255,3730963108,3044039344,255,0.072848,0.033304,0.039544,46,107,0,0,1,1,2,1,1,2,0,0,0,2,1,0,Exploits,1
1935,0.00107,udp,dns,CON,2,2,132,164,2803.738322,31,29,493457.9375,613084.125,0,0,0.009,0.006,0.0,0.0,0,0,0,0,0.0,0.0,0.0,66,82,0,0,2,0,2,1,1,1,0,0,0,4,3,0,Normal,0
16760,7.13382,tcp,-,FIN,438,858,24640,1094788,181.52967,31,29,27568.96094,1226286.0,38,390,16.36127,8.333292,8557.820788,6113.53431,255,2198280370,2205865973,255,0.000658,0.000517,0.000141,56,1276,0,0,9,0,4,1,1,5,0,0,0,5,8,0,Normal,0
116634,1.086709,ospf,-,INT,42,0,1890,0,37.728591,254,0,13582.29297,0.0,0,0,26.505098,0.0,27.825355,0.0,0,0,0,0,0.0,0.0,0.0,45,0,0,0,1,2,1,1,1,1,0,0,0,1,1,0,DoS,1
23326,0.718438,tcp,-,FIN,28,30,4480,3080,79.338785,31,29,48104.35938,33160.82813,7,7,26.597259,24.754758,1439.982667,36.185008,255,1988781081,4270900338,255,0.000683,0.000547,0.000136,160,103,0,0,7,0,3,1,1,4,0,0,0,2,4,0,Normal,0
165880,9e-06,udp,dns,INT,2,0,114,0,111111.1072,254,0,50666664.0,0.0,0,0,0.009,0.0,0.0,0.0,0,0,0,0,0.0,0.0,0.0,57,0,0,0,10,2,8,8,8,10,0,0,0,9,10,0,Generic,1
168551,0.850673,tcp,-,FIN,14,12,774,642,29.388495,254,252,6761.705078,5539.143555,4,3,65.337382,73.947094,4008.831001,118.051797,255,1267681646,655291792,255,0.13453,0.037252,0.097278,55,54,0,0,2,1,1,1,1,2,0,0,0,1,2,0,Fuzzers,1
30199,0.037861,tcp,-,FIN,60,62,3614,50036,3195.900732,31,29,750957.4375,10402049.0,7,24,0.636542,0.610574,42.728281,41.5071,255,740667251,2886376272,255,0.000746,0.000608,0.000138,60,807,0,0,7,0,5,1,1,5,0,0,0,10,3,0,Normal,0
104425,3.534495,tcp,smtp,FIN,364,62,487374,2902,120.243482,62,252,1100097.125,6464.289551,175,2,10.036679,57.388434,1148.949257,66.499477,255,2652803570,1512732554,255,0.077345,0.053901,0.023444,1339,47,0,0,1,1,1,1,1,1,0,0,0,1,1,0,Exploits,1
166428,9e-06,udp,dns,INT,2,0,114,0,111111.1072,254,0,50666664.0,0.0,0,0,0.009,0.0,0.0,0.0,0,0,0,0,0.0,0.0,0.0,57,0,0,0,34,2,9,9,5,34,0,0,0,9,34,0,Generic,1
13766,0.021951,tcp,-,FIN,48,50,2974,30506,4418.933224,31,29,1061637.375,10895540.0,7,18,0.460468,0.43549,27.399702,25.678996,255,2418903194,2419196525,255,0.000743,0.000603,0.00014,62,610,0,0,8,0,1,1,1,1,0,0,0,2,4,0,Normal,0
59600,3e-06,unas,-,INT,2,0,200,0,333333.3215,254,0,266666656.0,0.0,0,0,0.003,0.0,0.0,0.0,0,0,0,0,0.0,0.0,0.0,100,0,0,0,7,2,2,2,2,7,0,0,0,20,7,0,Exploits,1
39515,1.073039,tcp,http,FIN,14,18,1684,10168,28.889908,31,29,11660.33984,71602.24219,3,5,82.515615,63.087588,8781.731837,7688.900989,255,1269728303,1270702100,255,0.000712,0.000545,0.000167,120,565,1,3924,1,0,4,1,1,1,0,0,1,3,2,0,Normal,0
59729,1e-06,unas,-,INT,2,0,200,0,1000000.003,254,0,800000000.0,0.0,0,0,0.001,0.0,0.0,0.0,0,0,0,0,0.0,0.0,0.0,100,0,0,0,3,2,3,2,2,3,0,0,0,27,3,0,DoS,1
134701,3e-06,udp,dns,INT,2,0,114,0,333333.3215,254,0,152000000.0,0.0,0,0,0.003,0.0,0.0,0.0,0,0,0,0,0.0,0.0,0.0,57,0,0,0,34,2,16,16,16,34,0,0,0,16,34,0,Generic,1
54666,9e-06,udp,-,INT,2,0,168,0,111111.1072,254,0,74666664.0,0.0,0,0,0.009,0.0,0.0,0.0,0,0,0,0,0.0,0.0,0.0,84,0,0,0,1,2,1,1,1,1,0,0,0,1,1,0,Reconnaissance,1
88187,0.520594,tcp,-,FIN,10,6,2516,268,28.81324,254,252,34806.39453,3442.22168,2,1,56.065111,85.999,2921.449125,126.06843,255,1518033223,3549771961,255,0.204677,0.090591,0.114086,252,45,0,0,8,1,1,1,1,5,0,0,0,1,5,0,Normal,0
169986,1.324737,tcp,-,FIN,10,8,496,354,12.832736,254,252,2699.403809,1872.069824,2,1,142.782333,180.113141,9205.743581,263.023188,255,344132495,331390611,255,0.173622,0.063936,0.109686,50,44,0,0,3,1,3,1,1,19,0,0,0,2,3,0,Exploits,1
31731,3.631897,tcp,ssh,FIN,108,114,9504,12298,60.849744,31,29,20740.67578,26853.18555,26,31,34.260482,32.422268,2440.813777,2373.57526,255,1115373238,3261056444,255,0.00073,0.000594,0.000136,88,108,0,0,1,0,2,1,1,2,0,0,0,3,4,0,Normal,0
75984,1.463551,tcp,-,FIN,14,10,5158,786,15.715202,254,252,26182.89258,3870.039307,4,2,112.580844,145.387891,6804.53421,249.85875,255,3466394150,729742427,255,0.206461,0.099292,0.107169,368,79,0,0,4,1,1,2,1,1,0,0,0,2,1,0,Fuzzers,1
151355,1e-05,udp,dns,INT,2,0,114,0,100000.0025,254,0,45600000.0,0.0,0,0,0.01,0.0,0.0,0.0,0,0,0,0,0.0,0.0,0.0,57,0,0,0,34,2,17,16,16,34,0,0,0,16,34,0,Generic,1
38336,0.036065,udp,-,CON,4,4,528,304,194.093991,31,29,87841.39844,50575.34766,0,0,7.023667,7.304,9.930844,10.321638,0,0,0,0,0.0,0.0,0.0,132,76,0,0,9,0,4,1,1,5,0,0,0,2,8,0,Normal,0
55107,0.520163,tcp,http,FIN,10,6,914,268,28.837115,254,252,12657.57129,3445.073975,2,1,52.049,92.787602,2579.159519,126.942016,255,162084330,2119769860,255,0.118288,0.056215,0.062073,91,45,1,0,1,1,1,1,1,1,0,0,1,1,1,0,Exploits,1
159312,4e-06,udp,dns,INT,2,0,114,0,250000.0006,254,0,114000000.0,0.0,0,0,0.004,0.0,0.0,0.0,0,0,0,0,0.0,0.0,0.0,57,0,0,0,27,2,16,16,16,27,0,0,0,16,27,0,Generic,1
2533,0.018177,tcp,-,FIN,16,18,1540,1644,1815.481022,31,29,635528.375,683501.125,4,4,1.1916,1.106313,72.333339,2.258769,255,1162201343,1166337167,255,0.000595,0.000473,0.000122,96,91,0,0,8,0,8,6,1,7,0,0,0,9,14,0,Normal,0
158579,9e-06,udp,dns,INT,2,0,114,0,111111.1072,254,0,50666664.0,0.0,0,0,0.009,0.0,0.0,0.0,0,0,0,0,0.0,0.0,0.0,57,0,0,0,23,2,23,23,12,23,0,0,0,25,23,0,Generic,1
32879,0.016564,tcp,-,FIN,16,18,1540,1644,1992.27235,31,29,697416.0625,750060.375,4,4,1.081267,0.934353,63.68059,1.862746,255,266237398,271972359,255,0.000827,0.000675,0.000152,96,91,0,0,2,0,3,2,1,3,0,0,0,4,5,0,Normal,0
16521,0.001036,udp,dns,CON,2,2,146,178,2895.752973,31,29,563706.5625,687258.6875,0,0,0.026,0.031,0.0,0.0,0,0,0,0,0.0,0.0,0.0,73,89,0,0,2,0,1,1,1,1,0,0,0,3,1,0,Normal,0
163642,8e-06,udp,dns,INT,2,0,114,0,125000.0003,254,0,57000000.0,0.0,0,0,0.008,0.0,0.0,0.0,0,0,0,0,0.0,0.0,0.0,57,0,0,0,33,2,17,17,17,33,0,0,0,17,33,0,Generic,1
44963,0.548126,tcp,http,FIN,10,8,858,1110,31.014768,62,252,11282.07813,14186.51953,2,2,60.902889,70.42243,3120.812003,125.373883,255,3943671627,1859189915,255,0.138888,0.054543,0.084345,86,139,1,176,4,1,2,2,2,3,0,0,4,3,3,0,Normal,0
93666,5e-06,unas,-,INT,2,0,200,0,200000.0051,254,0,160000000.0,0.0,0,0,0.005,0.0,0.0,0.0,0,0,0,0,0.0,0.0,0.0,100,0,0,0,9,2,4,3,3,12,0,0,0,4,9,0,Backdoor,1
161894,2e-06,udp,dns,INT,2,0,114,0,500000.0013,254,0,228000000.0,0.0,0,0,0.002,0.0,0.0,0.0,0,0,0,0,0.0,0.0,0.0,57,0,0,0,34,2,34,34,18,34,0,0,0,34,34,0,Generic,1
105014,0.944886,tcp,-,FIN,10,8,534,354,17.991588,254,252,4072.44873,2624.655273,2,1,104.897778,120.18457,6011.872877,202.938922,255,2915633760,4095274602,255,0.16379,0.103585,0.060205,53,44,0,0,4,1,2,1,1,4,0,0,0,1,5,0,Normal,0
23,0.964656,tcp,ftp,CON,14,12,690,950,25.915974,62,252,5315.884766,7223.300293,5,6,74.204308,59.700727,3869.615403,65.75518,255,996917599,59266788,255,0.112429,0.052589,0.05984,49,79,0,0,1,3,1,1,1,2,1,1,0,2,1,0,Normal,0
76316,9e-06,unas,-,INT,2,0,200,0,111111.1072,254,0,88888888.0,0.0,0,0,0.009,0.0,0.0,0.0,0,0,0,0,0.0,0.0,0.0,100,0,0,0,5,2,3,3,3,5,0,0,0,3,5,0,Exploits,1
126693,9e-06,udp,dns,INT,2,0,114,0,111111.1072,254,0,50666664.0,0.0,0,0,0.009,0.0,0.0,0.0,0,0,0,0,0.0,0.0,0.0,57,0,0,0,26,2,17,16,16,26,0,0,0,16,26,0,Generic,1
26323,1.004598,tcp,http,FIN,12,18,1580,10168,28.867268,31,29,11538.94336,76480.34375,3,5,91.294909,59.05412,9527.76425,7673.760719,255,2064655889,4215241386,255,0.000808,0.000674,0.000134,132,565,1,0,1,0,2,1,1,1,0,0,1,1,1,0,Normal,0
52589,8e-06,any,-,INT,2,0,200,0,125000.0003,254,0,100000000.0,0.0,0,0,0.008,0.0,0.0,0.0,0,0,0,0,0.0,0.0,0.0,100,0,0,0,8,2,3,3,3,9,0,0,0,5,8,0,DoS,1
151393,8e-06,udp,dns,INT,2,0,114,0,125000.0003,254,0,57000000.0,0.0,0,0,0.008,0.0,0.0,0.0,0,0,0,0,0.0,0.0,0.0,57,0,0,0,25,2,15,15,15,25,0,0,0,16,25,0,Generic,1
47433,1.061898,tcp,-,FIN,10,8,534,354,16.009071,254,252,3623.700195,2335.440918,2,1,115.875667,131.168719,6361.869617,271.915125,255,2758495242,4053974291,255,0.212428,0.143716,0.068712,53,44,0,0,3,1,1,1,1,3,0,0,0,1,3,0,Normal,0
149665,8e-06,udp,dns,INT,2,0,114,0,125000.0003,254,0,57000000.0,0.0,0,0,0.008,0.0,0.0,0.0,0,0,0,0,0.0,0.0,0.0,57,0,0,0,24,2,13,12,12,25,0,0,0,13,24,0,Generic,1
157308,3.061862,tcp,smtp,FIN,48,24,40936,1806,23.188504,62,252,104731.0469,4522.738281,21,8,65.146,128.299648,5853.576856,232.988422,255,3738697649,3346778370,255,0.253167,0.110209,0.142958,853,75,0,0,1,1,1,1,1,1,0,0,0,1,1,0,Exploits,1
147646,9e-06,udp,dns,INT,2,0,114,0,111111.1072,254,0,50666664.0,0.0,0,0,0.009,0.0,0.0,0.0,0,0,0,0,0.0,0.0,0.0,57,0,0,0,32,2,16,16,16,32,0,0,0,16,32,0,Generic,1
60826,0.569857,tcp,-,FIN,10,6,534,268,26.322393,254,252,6752.571289,3144.648682,2,1,63.188556,94.637602,3209.195923,150.134641,255,3231717591,4027437854,255,0.194079,0.096666,0.097413,53,45,0,0,4,1,1,1,1,4,0,0,0,1,4,0,Fuzzers,1
58384,1.044016,tcp,-,FIN,14,12,774,642,23.945993,254,252,5509.494141,4513.34082,4,3,80.243231,90.74318,4593.989531,137.528344,255,228296078,4014458433,255,0.109954,0.045836,0.064118,55,54,0,0,3,1,1,1,1,3,0,0,0,9,3,0,Fuzzers,1
155614,1e-05,udp,dns,INT,2,0,114,0,100000.0025,254,0,45600000.0,0.0,0,0,0.01,0.0,0.0,0.0,0,0,0,0,0.0,0.0,0.0,57,0,0,0,39,2,34,34,16,39,0,0,0,35,39,0,Generic,1
83048,0.702454,tcp,-,FIN,10,6,524,268,21.353712,254,252,5375.441406,2551.056885,2,1,66.098222,120.806398,3646.639921,164.500984,255,1906593012,182686907,255,0.209765,0.098413,0.111352,52,45,0,0,4,1,1,1,1,2,0,0,0,2,2,0,Normal,0
174370,9e-06,udp,dns,INT,2,0,114,0,111111.1072,254,0,50666664.0,0.0,0,0,0.009,0.0,0.0,0.0,0,0,0,0,0.0,0.0,0.0,57,0,0,0,33,2,33,33,17,33,0,0,0,33,33,0,Generic,1
34072,0.153603,tcp,-,FIN,20,22,4120,2664,266.921866,31,29,203850.1875,132445.3281,7,7,8.055632,7.292,706.936722,19.79273,255,2013972448,2016916909,255,0.000588,0.000469,0.000119,206,121,0,0,5,0,3,1,1,4,0,0,0,1,8,0,Normal,0
126951,8e-06,udp,dns,INT,2,0,114,0,125000.0003,254,0,57000000.0,0.0,0,0,0.008,0.0,0.0,0.0,0,0,0,0,0.0,0.0,0.0,57,0,0,0,32,2,32,32,14,32,0,0,0,32,32,0,Generic,1
84530,0.777642,tcp,-,FIN,10,6,910,268,19.289081,254,252,8425.470703,2304.402344,2,1,81.394,108.873797,4158.404897,151.746688,255,934515953,3903183671,255,0.284899,0.233268,0.051631,91,45,0,0,10,1,2,2,1,5,0,0,0,2,5,0,Normal,0
163433,1.2e-05,udp,-,INT,2,0,168,0,83333.33039,254,0,56000000.0,0.0,0,0,0.012,0.0,0.0,0.0,0,0,0,0,0.0,0.0,0.0,84,0,0,0,2,2,1,1,1,1,0,0,0,3,1,0,Reconnaissance,1
71922,9e-06,udp,-,INT,2,0,78,0,111111.1072,254,0,34666664.0,0.0,0,0,0.009,0.0,0.0,0.0,0,0,0,0,0.0,0.0,0.0,39,0,0,0,9,2,1,1,1,9,0,0,0,1,9,0,Normal,0
66775,0.284794,tcp,-,FIN,12,10,2832,621,73.737508,254,252,72922.88281,15702.57813,3,3,25.573364,30.701889,1529.914344,40.438379,255,3160179710,3467304064,255,0.024358,0.008434,0.015924,236,62,0,0,3,1,1,1,1,1,0,0,0,1,1,0,Exploits,1
17145,0.001073,udp,dns,CON,2,2,146,178,2795.899292,31,29,544268.375,663560.125,0,0,0.008,0.008,0.0,0.0,0,0,0,0,0.0,0.0,0.0,73,89,0,0,3,0,3,1,1,1,0,0,0,2,3,0,Normal,0
32128,0.023857,tcp,-,FIN,50,48,3062,32538,4065.89272,31,29,1006329.438,10683992.0,7,18,0.490708,0.496894,0.0,31.697421,255,457959087,2633609025,255,0.00091,0.0005,0.00041,61,678,0,0,9,0,5,1,1,6,0,0,0,4,8,0,Normal,0
138387,8e-06,udp,dns,INT,2,0,114,0,125000.0003,254,0,57000000.0,0.0,0,0,0.008,0.0,0.0,0.0,0,0,0,0,0.0,0.0,0.0,57,0,0,0,19,2,17,17,17,19,0,0,0,17,19,0,Generic,1
156458,9e-06,udp,dns,INT,2,0,114,0,111111.1072,254,0,50666664.0,0.0,0,0,0.009,0.0,0.0,0.0,0,0,0,0,0.0,0.0,0.0,57,0,0,0,26,2,17,16,16,26,0,0,0,16,29,0,Generic,1
138501,9e-06,udp,dns,INT,2,0,114,0,111111.1072,254,0,50666664.0,0.0,0,0,0.009,0.0,0.0,0.0,0,0,0,0,0.0,0.0,0.0,57,0,0,0,22,2,19,18,18,22,0,0,0,19,22,0,Generic,1
69792,3e-06,unas,-,INT,2,0,200,0,333333.3215,254,0,266666656.0,0.0,0,0,0.003,0.0,0.0,0.0,0,0,0,0,0.0,0.0,0.0,100,0,0,0,4,2,2,2,2,4,0,0,0,2,4,0,Exploits,1
124272,9e-06,wb-mon,-,INT,2,0,200,0,111111.1072,254,0,88888888.0,0.0,0,0,0.009,0.0,0.0,0.0,0,0,0,0,0.0,0.0,0.0,100,0,0,0,5,2,2,2,2,5,0,0,0,2,5,0,Exploits,1
125354,0.898425,tcp,http,FIN,10,8,832,1842,18.922003,62,252,6669.449219,14354.00879,2,2,99.825,119.497,5929.088979,238.127438,255,2156093698,2195566571,255,0.144434,0.047747,0.096687,83,230,1,498,1,1,1,1,1,1,0,0,1,7,1,0,Exploits,1
150729,2e-06,udp,dns,INT,2,0,114,0,500000.0013,254,0,228000000.0,0.0,0,0,0.002,0.0,0.0,0.0,0,0,0,0,0.0,0.0,0.0,57,0,0,0,33,2,33,33,17,33,0,0,0,33,33,0,Generic,1
93811,0.819256,tcp,http,FIN,14,32,984,34374,54.927885,62,252,8925.170898,325173.0938,2,14,60.566464,24.341097,2993.994403,2131.881408,255,2297749916,3770714413,255,0.098237,0.064678,0.033559,70,1074,1,16293,1,1,1,1,1,1,0,0,1,2,1,0,Exploits,1
11598,0.045858,tcp,-,FIN,68,70,4014,59460,2987.483134,31,29,689955.9375,10224781.0,7,28,0.700708,0.657623,0.0,40.767104,255,229193286,2394063655,255,0.000602,0.000479,0.000123,59,849,0,0,9,0,1,1,1,2,0,0,0,3,4,0,Normal,0
62292,1.5e-05,udp,-,INT,2,0,168,0,66666.66835,254,0,44800000.0,0.0,0,0,0.015,0.0,0.0,0.0,0,0,0,0,0.0,0.0,0.0,84,0,0,0,1,2,1,1,1,1,0,0,0,7,1,0,Reconnaissance,1
135681,1.144706,tcp,-,FIN,10,8,564,354,14.850975,254,252,3550.256592,2166.495117,2,1,121.209333,150.998578,7070.180489,221.384891,255,2752642943,3555489495,255,0.164781,0.087696,0.077085,56,44,0,0,7,1,1,1,1,1,0,0,0,4,2,0,Reconnaissance,1
97341,1.717829,tcp,-,FIN,26,70,1346,72692,55.302362,62,252,6030.868164,333695.625,6,33,68.713162,23.779494,3677.769401,2215.540541,255,3534849331,3360600973,255,0.072947,0.048595,0.024352,52,1038,0,0,1,1,1,1,1,1,0,0,0,1,1,0,Exploits,1
120793,0.857203,tcp,ftp,FIN,20,22,1084,1648,47.829977,62,252,9612.65918,14689.63574,7,9,45.115949,39.193476,2449.200278,2242.93119,255,578618211,3290646084,255,0.049355,0.033346,0.016009,54,75,0,0,1,1,1,1,1,2,1,1,0,2,1,0,Exploits,1
43072,1.379322,tcp,-,FIN,10,8,554,354,12.324895,254,252,2894.175537,1797.984741,2,1,145.195889,179.838859,8293.704286,310.104406,255,3270630001,1668948576,255,0.191708,0.120447,0.071261,55,44,0,0,2,1,2,1,1,2,0,0,0,1,3,0,Normal,0
130901,1e-05,udp,dns,INT,2,0,114,0,100000.0025,254,0,45600000.0,0.0,0,0,0.01,0.0,0.0,0.0,0,0,0,0,0.0,0.0,0.0,57,0,0,0,34,2,34,34,16,34,0,0,0,35,34,0,Generic,1
99028,0.559848,tcp,http,FIN,10,8,808,1330,30.365384,62,252,10402.82324,16633.08594,2,2,62.205333,69.09657,3562.881676,126.949922,255,1218128571,2575287298,255,0.099577,0.057906,0.041671,81,166,1,263,2,1,1,1,1,2,0,0,1,2,2,0,Analysis,1
48634,1e-05,udp,-,INT,2,0,104,0,100000.0025,254,0,41600000.0,0.0,0,0,0.01,0.0,0.0,0.0,0,0,0,0,0.0,0.0,0.0,52,0,0,0,2,2,1,1,1,2,0,0,0,1,3,0,Fuzzers,1
42672,0.554218,tcp,-,FIN,10,6,628,268,27.065162,254,252,8170.070312,3233.384766,2,1,54.138444,95.391,2810.752676,132.335203,255,1101465534,600260583,255,0.15813,0.077257,0.080873,63,45,0,0,7,1,1,1,1,7,0,0,0,2,7,0,Normal,0
116099,9e-06,unas,-,INT,2,0,200,0,111111.1072,254,0,88888888.0,0.0,0,0,0.009,0.0,0.0,0.0,0,0,0,0,0.0,0.0,0.0,100,0,0,0,3,2,2,2,2,3,0,0,0,3,3,0,DoS,1
157035,5e-06,udp,dns,INT,2,0,114,0,200000.0051,254,0,91200000.0,0.0,0,0,0.005,0.0,0.0,0.0,0,0,0,0,0.0,0.0,0.0,57,0,0,0,19,2,17,17,17,19,0,0,0,17,19,0,Generic,1
18821,0.00104,udp,dns,CON,2,2,146,178,2884.615377,31,29,561538.4375,684615.375,0,0,0.005,0.007,0.0,0.0,0,0,0,0,0.0,0.0,0.0,73,89,0,0,3,0,4,2,1,5,0,0,0,6,1,0,Normal,0
65061,9e-06,crudp,-,INT,2,0,200,0,111111.1072,254,0,88888888.0,0.0,0,0,0.009,0.0,0.0,0.0,0,0,0,0,0.0,0.0,0.0,100,0,0,0,5,2,2,2,2,5,0,0,0,24,5,0,DoS,1
172911,3e-06,udp,dns,INT,2,0,114,0,333333.3215,254,0,152000000.0,0.0,0,0,0.003,0.0,0.0,0.0,0,0,0,0,0.0,0.0,0.0,57,0,0,0,25,2,17,17,17,25,0,0,0,17,25,0,Generic,1
49964,3e-06,unas,-,INT,2,0,200,0,333333.3215,254,0,266666656.0,0.0,0,0,0.003,0.0,0.0,0.0,0,0,0,0,0.0,0.0,0.0,100,0,0,0,3,2,2,2,2,3,0,0,0,2,3,0,Exploits,1
63944,1.090747,tcp,http,FIN,10,8,1794,1066,15.585649,254,252,11845.09375,6843.016602,2,2,121.181556,142.153422,6601.967019,281.431812,255,2424965439,1358997634,255,0.166616,0.095663,0.070953,179,133,0,0,4,1,1,3,1,1,0,0,0,5,1,0,Exploits,1
67954,9e-06,unas,-,INT,2,0,200,0,111111.1072,254,0,88888888.0,0.0,0,0,0.009,0.0,0.0,0.0,0,0,0,0,0.0,0.0,0.0,100,0,0,0,7,2,2,2,2,7,0,0,0,8,7,0,Exploits,1
80114,42.662464,tcp,-,FIN,24,18,2108,1568,0.961032,254,252,378.974823,277.714844,7,4,1854.889868,2506.53525,272320.0141,9715.074,255,1994402558,2186575188,255,0.117359,0.040064,0.077295,88,87,0,0,4,1,1,1,1,4,0,0,0,1,4,0,Fuzzers,1
125964,5e-06,udp,dns,INT,2,0,114,0,200000.0051,254,0,91200000.0,0.0,0,0,0.005,0.0,0.0,0.0,0,0,0,0,0.0,0.0,0.0,57,0,0,0,13,2,13,13,13,13,0,0,0,13,13,0,Generic,1
174668,3e-06,udp,dns,INT,2,0,114,0,333333.3215,254,0,152000000.0,0.0,0,0,0.003,0.0,0.0,0.0,0,0,0,0,0.0,0.0,0.0,57,0,0,0,6,2,6,6,6,6,0,0,0,7,6,0,Generic,1
47537,6e-06,udp,-,INT,2,0,104,0,166666.6608,254,0,69333328.0,0.0,0,0,0.006,0.0,0.0,0.0,0,0,0,0,0.0,0.0,0.0,52,0,0,0,6,2,3,3,1,6,0,0,0,4,6,0,Normal,0
75547,1.124669,tcp,-,FIN,10,8,564,354,15.115559,254,252,3613.507812,2205.093262,2,1,121.529222,152.062578,7944.640838,219.021203,255,3392603565,242736155,255,0.084451,0.060222,0.024229,56,44,0,0,1,1,1,1,1,2,0,0,0,1,1,0,Reconnaissance,1
37962,0.003997,tcp,http,FIN,8,10,1044,824,4253.189962,31,29,1829372.0,1485113.875,2,2,0.520571,0.385778,33.571991,0.679047,255,2956200815,2953026487,255,0.000646,0.00052,0.000126,131,82,1,83,1,0,3,1,1,1,0,0,1,2,6,0,Normal,0
35906,0.102754,tcp,-,FIN,60,62,3598,48710,1177.569766,31,29,275531.875,3731241.75,7,24,1.736305,1.675656,94.682791,94.462366,255,574361283,574677812,255,0.000647,0.00053,0.000117,60,786,0,0,5,0,7,1,1,3,0,0,0,3,14,0,Normal,0
118595,9e-06,udp,dns,INT,2,0,114,0,111111.1072,254,0,50666664.0,0.0,0,0,0.009,0.0,0.0,0.0,0,0,0,0,0.0,0.0,0.0,57,0,0,0,25,2,18,18,18,25,0,0,0,18,25,0,Generic,1
142105,0.581856,tcp,http,FIN,10,6,946,268,25.779574,254,252,11714.23828,3079.799805,2,1,54.455111,74.998797,3070.087354,95.499023,255,3517779194,3490645595,255,0.248156,0.206854,0.041302,95,45,1,0,2,1,1,1,1,1,0,0,1,1,1,0,Exploits,1
100951,1e-05,sun-nd,-,INT,1,0,60,0,0.0,0,0,0.0,0.0,0,0,0.0,0.0,0.0,0.0,0,0,0,0,0.0,0.0,0.0,60,0,0,0,2,2,1,1,1,2,0,0,0,1,2,0,Fuzzers,1
25268,0.036106,udp,-,CON,4,4,520,304,193.873586,31,29,86412.22656,50517.91797,0,0,6.998,7.699333,9.883231,10.880724,0,0,0,0,0.0,0.0,0.0,130,76,0,0,9,0,4,1,1,3,0,0,0,6,5,0,Normal,0
139812,5e-06,udp,dns,INT,2,0,114,0,200000.0051,254,0,91200000.0,0.0,0,0,0.005,0.0,0.0,0.0,0,0,0,0,0.0,0.0,0.0,57,0,0,0,33,2,33,33,16,33,0,0,0,33,33,0,Generic,1
20847,0.001063,udp,dns,CON,2,2,146,178,2822.201463,31,29,549388.5625,669802.5,0,0,0.008,0.007,0.0,0.0,0,0,0,0,0.0,0.0,0.0,73,89,0,0,6,0,2,2,1,6,0,0,0,5,2,0,Normal,0
69260,9e-06,unas,-,INT,2,0,200,0,111111.1072,254,0,88888888.0,0.0,0,0,0.009,0.0,0.0,0.0,0,0,0,0,0.0,0.0,0.0,100,0,0,0,3,2,2,1,1,3,0,0,0,20,3,0,Exploits,1
68575,5e-06,rdp,-,INT,2,0,200,0,200000.0051,254,0,160000000.0,0.0,0,0,0.005,0.0,0.0,0.0,0,0,0,0,0.0,0.0,0.0,100,0,0,0,13,2,4,4,4,13,0,0,0,5,13,0,Exploits,1
165656,9e-06,udp,dns,INT,2,0,114,0,111111.1072,254,0,50666664.0,0.0,0,0,0.009,0.0,0.0,0.0,0,0,0,0,0.0,0.0,0.0,57,0,0,0,17,2,18,17,17,17,0,0,0,17,17,0,Generic,1
54301,7e-06,gmtp,-,INT,2,0,200,0,142857.1409,254,0,114285712.0,0.0,0,0,0.007,0.0,0.0,0.0,0,0,0,0,0.0,0.0,0.0,100,0,0,0,2,2,2,2,2,2,0,0,0,27,2,0,DoS,1
173413,0.719602,tcp,-,FIN,10,8,590,354,23.62417,254,252,5903.263184,3446.349609,2,1,79.955778,98.308,4702.47612,177.758484,255,3935761946,3528103818,255,0.057216,0.030771,0.026445,59,44,0,0,1,1,1,1,1,1,0,0,0,1,1,0,Fuzzers,1
3696,0.000985,udp,dns,CON,2,2,146,178,3045.685126,31,29,592893.375,722842.625,0,0,0.009,0.006,0.0,0.0,0,0,0,0,0.0,0.0,0.0,73,89,0,0,4,0,3,1,1,2,0,0,0,6,2,0,Normal,0
154994,3e-06,udp,dns,INT,2,0,114,0,333333.3215,254,0,152000000.0,0.0,0,0,0.003,0.0,0.0,0.0,0,0,0,0,0.0,0.0,0.0,57,0,0,0,33,2,18,17,17,33,0,0,0,17,33,0,Generic,1
15781,0.006212,tcp,-,FIN,18,18,3936,2456,5634.256456,31,29,4788152.0,2987765.75,7,7,0.344647,0.331706,17.495031,0.461372,255,535081194,2684669291,255,0.000713,0.000572,0.000141,219,136,0,0,9,0,3,1,1,3,0,0,0,3,7,0,Normal,0
171426,3e-06,udp,dns,INT,2,0,114,0,333333.3215,254,0,152000000.0,0.0,0,0,0.003,0.0,0.0,0.0,0,0,0,0,0.0,0.0,0.0,57,0,0,0,27,2,16,16,16,27,0,0,0,16,27,0,Generic,1
154601,3e-06,udp,dns,INT,2,0,114,0,333333.3215,254,0,152000000.0,0.0,0,0,0.003,0.0,0.0,0.0,0,0,0,0,0.0,0.0,0.0,57,0,0,0,30,2,17,17,17,30,0,0,0,17,30,0,Generic,1
168046,5e-06,udp,dns,INT,2,0,114,0,200000.0051,254,0,91200000.0,0.0,0,0,0.005,0.0,0.0,0.0,0,0,0,0,0.0,0.0,0.0,57,0,0,0,8,2,8,8,8,8,0,0,0,8,8,0,Generic,1
66247,1e-06,unas,-,INT,2,0,200,0,1000000.003,254,0,800000000.0,0.0,0,0,0.001,0.0,0.0,0.0,0,0,0,0,0.0,0.0,0.0,100,0,0,0,7,2,2,2,2,7,0,0,0,3,7,0,DoS,1
130404,7e-06,ifmp,-,INT,2,0,200,0,142857.1409,254,0,114285712.0,0.0,0,0,0.007,0.0,0.0,0.0,0,0,0,0,0.0,0.0,0.0,100,0,0,0,5,2,2,2,2,5,0,0,0,3,5,0,Analysis,1
133576,4e-06,udp,dns,INT,2,0,114,0,250000.0006,254,0,114000000.0,0.0,0,0,0.004,0.0,0.0,0.0,0,0,0,0,0.0,0.0,0.0,57,0,0,0,25,2,16,16,16,25,0,0,0,17,25,0,Generic,1
76628,0.831067,tcp,http,FIN,12,6,3504,268,20.455631,254,252,30919.28711,2156.26416,3,1,75.551544,156.952203,4932.187051,289.334219,255,357298190,85452982,255,0.119286,0.045684,0.073602,292,45,1,0,1,1,1,1,1,1,0,0,1,2,1,0,Exploits,1
88705,0.951766,tcp,-,FIN,10,6,534,268,15.760176,254,252,4043.010498,1882.815674,2,1,102.006889,173.309797,6171.631614,306.184969,255,3634814301,2186415320,255,0.153796,0.085209,0.068587,53,45,0,0,5,1,2,1,1,3,0,0,0,3,4,0,Normal,0
127815,0.72002,tcp,-,FIN,10,8,564,354,23.610455,254,252,5644.287598,3444.348877,2,1,78.510889,99.586859,5626.715495,148.496234,255,1718990276,3421446627,255,0.067945,0.022909,0.045036,56,44,0,0,1,1,1,1,1,1,0,0,0,1,1,0,Reconnaissance,1
135944,8e-06,udp,dns,INT,2,0,114,0,125000.0003,254,0,57000000.0,0.0,0,0,0.008,0.0,0.0,0.0,0,0,0,0,0.0,0.0,0.0,57,0,0,0,24,2,9,9,9,24,0,0,0,9,24,0,Generic,1
67318,0.684115,tcp,-,FIN,10,8,564,354,24.849624,254,252,5940.521973,3625.121582,2,1,76.012778,96.429859,5443.539899,139.604203,255,2695000726,4194163578,255,0.057125,0.008362,0.048763,56,44,0,0,1,1,1,1,1,1,0,0,0,1,1,0,Reconnaissance,1
170379,9e-06,mobile,-,INT,2,0,200,0,111111.1072,254,0,88888888.0,0.0,0,0,0.009,0.0,0.0,0.0,0,0,0,0,0.0,0.0,0.0,100,0,0,0,6,2,3,3,3,6,0,0,0,4,6,0,DoS,1
154401,9e-06,udp,dns,INT,2,0,114,0,111111.1072,254,0,50666664.0,0.0,0,0,0.009,0.0,0.0,0.0,0,0,0,0,0.0,0.0,0.0,57,0,0,0,34,2,36,34,16,34,0,0,0,34,34,0,Generic,1
7678,0.156334,tcp,-,FIN,20,22,4240,2664,262.259013,31,29,206122.7969,130131.6406,7,7,8.210579,7.419429,730.439688,20.488027,255,3690251324,1543704353,255,0.000639,0.000522,0.000117,212,121,0,0,8,0,3,1,1,2,0,0,0,3,12,0,Normal,0
12657,0.001797,udp,-,CON,4,4,528,304,3895.381307,31,29,1762938.25,1015025.063,0,0,0.443667,0.246667,0.622489,0.341768,0,0,0,0,0.0,0.0,0.0,132,76,0,0,4,0,7,1,1,3,0,0,0,6,7,0,Normal,0
104917,2.939419,tcp,-,FIN,10,8,840,452,5.783456,254,252,2057.549561,1077.764038,2,2,309.711667,403.365437,23028.2656,653.118187,255,185670153,1492283865,255,0.184939,0.115855,0.069084,84,57,0,0,3,1,2,1,1,2,0,0,0,2,3,0,Exploits,1
174159,3e-06,udp,dns,INT,2,0,114,0,333333.3215,254,0,152000000.0,0.0,0,0,0.003,0.0,0.0,0.0,0,0,0,0,0.0,0.0,0.0,57,0,0,0,17,2,18,17,17,17,0,0,0,17,17,0,Generic,1
97906,1.00255,tcp,-,FIN,10,8,1376,354,16.95676,254,252,9886.789062,2473.692139,2,1,107.954778,128.75857,6101.003964,214.901578,255,3870886737,2419827335,255,0.169274,0.101224,0.06805,138,44,0,0,2,1,2,1,1,1,0,0,0,1,1,0,Exploits,1
120110,7e-06,udp,dns,INT,2,0,114,0,142857.1409,254,0,65142856.0,0.0,0,0,0.007,0.0,0.0,0.0,0,0,0,0,0.0,0.0,0.0,57,0,0,0,34,2,35,34,18,34,0,0,0,34,34,0,Generic,1
34,2.5e-05,udp,-,INT,2,0,168,0,40000.00101,254,0,26880000.0,0.0,0,0,0.025,0.0,0.0,0.0,0,0,0,0,0.0,0.0,0.0,84,0,0,0,11,2,1,1,1,2,0,0,0,1,5,0,Normal,0
147380,9e-06,udp,dns,INT,2,0,114,0,111111.1072,254,0,50666664.0,0.0,0,0,0.009,0.0,0.0,0.0,0,0,0,0,0.0,0.0,0.0,57,0,0,0,33,2,16,16,16,33,0,0,0,17,33,0,Generic,1
12348,0.528785,tcp,smtp,FIN,52,42,37268,3380,175.874886,31,29,552996.0,49925.77344,18,8,10.361078,12.883488,800.764781,26.441746,255,2063768369,2064745719,255,0.000765,0.000559,0.000206,717,80,0,0,1,0,1,1,1,1,0,0,0,4,2,0,Normal,0
96439,9e-06,unas,-,INT,2,0,200,0,111111.1072,254,0,88888888.0,0.0,0,0,0.009,0.0,0.0,0.0,0,0,0,0,0.0,0.0,0.0,100,0,0,0,6,2,4,3,3,8,0,0,0,4,6,0,Exploits,1
25272,0.249309,tcp,-,FIN,10,6,510,268,60.166299,254,252,14728.70996,7187.867188,2,1,26.22,41.699398,1349.521755,61.939207,255,901324436,2442799302,255,0.056516,0.04081,0.015706,51,45,0,0,14,1,1,1,1,13,0,0,0,1,13,0,Normal,0
145180,1.2e-05,udp,dns,INT,2,0,114,0,83333.33039,254,0,38000000.0,0.0,0,0,0.012,0.0,0.0,0.0,0,0,0,0,0.0,0.0,0.0,57,0,0,0,33,2,16,16,16,33,0,0,0,16,33,0,Generic,1
121024,9e-06,udp,dns,INT,2,0,114,0,111111.1072,254,0,50666664.0,0.0,0,0,0.009,0.0,0.0,0.0,0,0,0,0,0.0,0.0,0.0,57,0,0,0,17,2,17,17,17,17,0,0,0,17,17,0,Generic,1
136724,8e-06,udp,-,INT,2,0,168,0,125000.0003,254,0,84000000.0,0.0,0,0,0.008,0.0,0.0,0.0,0,0,0,0,0.0,0.0,0.0,84,0,0,0,1,2,1,1,1,1,0,0,0,1,1,0,Reconnaissance,1
52190,0.400034,tcp,-,FIN,10,8,724,354,42.496387,254,252,13038.8916,6199.472656,2,1,43.509333,54.639,2928.132947,107.719008,255,3803779339,2542174195,255,0.073206,0.017543,0.055663,72,44,0,0,2,1,1,1,1,1,0,0,0,1,1,0,Shellcode,1
132,1e-05,udp,-,INT,2,0,1422,0,100000.0025,254,0,568800000.0,0.0,0,0,0.01,0.0,0.0,0.0,0,0,0,0,0.0,0.0,0.0,711,0,0,0,63,2,9,9,1,63,0,0,0,9,62,0,Normal,0
67480,4e-06,unas,-,INT,2,0,200,0,250000.0006,254,0,200000000.0,0.0,0,0,0.004,0.0,0.0,0.0,0,0,0,0,0.0,0.0,0.0,100,0,0,0,6,2,3,3,3,6,0,0,0,8,6,0,Exploits,1
55213,1.033171,tcp,-,FIN,14,8,5644,812,20.325773,254,252,40581.85547,5505.380859,4,2,77.232844,125.59643,4418.675284,186.455125,255,861981398,2237958414,255,0.242589,0.153987,0.088602,403,102,0,0,4,1,1,1,1,1,0,0,0,1,1,0,Exploits,1
75681,0.290538,tcp,-,FIN,10,6,578,268,51.628356,254,252,14345.79883,6167.867676,2,1,30.860444,48.903398,1565.898234,71.962664,255,2983508210,3866206471,255,0.098395,0.046013,0.052382,58,45,0,0,9,1,2,2,1,8,0,0,0,2,8,0,Fuzzers,1
76508,9e-06,prm,-,INT,2,0,200,0,111111.1072,254,0,88888888.0,0.0,0,0,0.009,0.0,0.0,0.0,0,0,0,0,0.0,0.0,0.0,100,0,0,0,13,2,4,4,4,13,0,0,0,6,13,0,Exploits,1
155218,9e-06,udp,dns,INT,2,0,114,0,111111.1072,254,0,50666664.0,0.0,0,0,0.009,0.0,0.0,0.0,0,0,0,0,0.0,0.0,0.0,57,0,0,0,12,2,9,9,3,13,0,0,0,9,12,0,Generic,1
97162,0.820299,tcp,-,FIN,12,8,1162,742,23.162285,254,252,10396.20898,6339.151855,3,2,74.492273,105.393711,4212.913177,166.709219,255,4047432222,1524017448,255,0.116709,0.082533,0.034176,97,93,0,0,3,1,1,1,1,3,0,0,0,1,3,0,Fuzzers,1
35096,0.037754,tcp,smtp,FIN,54,42,37938,3380,2516.289716,31,29,7890237.0,699263.6875,19,8,0.719308,0.906878,56.721136,1.985931,255,2187930960,39391352,255,0.000728,0.000569,0.000159,703,80,0,0,1,0,3,1,1,2,0,0,0,5,1,0,Normal,0
69715,3e-06,unas,-,INT,2,0,200,0,333333.3215,254,0,266666656.0,0.0,0,0,0.003,0.0,0.0,0.0,0,0,0,0,0.0,0.0,0.0,100,0,0,0,6,2,3,3,3,6,0,0,0,8,6,0,DoS,1
111305,1e-05,swipe,-,INT,2,0,200,0,100000.0025,254,0,80000000.0,0.0,0,0,0.01,0.0,0.0,0.0,0,0,0,0,0.0,0.0,0.0,100,0,0,0,3,2,2,2,2,3,0,0,0,2,3,0,Exploits,1
30995,1.010682,tcp,http,FIN,14,18,1684,10168,30.672358,31,29,12379.75977,76019.95313,3,5,77.71869,59.419412,8769.96701,7682.873436,255,381063019,2531698182,255,0.000673,0.000548,0.000125,120,565,1,3924,1,0,4,1,1,1,0,0,1,1,1,0,Normal,0
85480,6e-06,unas,-,INT,2,0,200,0,166666.6608,254,0,133333328.0,0.0,0,0,0.006,0.0,0.0,0.0,0,0,0,0,0.0,0.0,0.0,100,0,0,0,12,2,4,4,4,14,0,0,0,4,12,0,Exploits,1
80010,0.6996,tcp,-,FIN,10,6,2386,268,21.440824,254,252,24562.60742,2561.463867,2,1,68.670111,128.425398,3607.152076,170.828984,255,1612170591,4063801555,255,0.115119,0.057464,0.057655,239,45,0,0,4,1,1,1,1,1,0,0,0,3,2,0,DoS,1
65366,1.8e-05,mobile,-,INT,1,0,60,0,0.0,0,0,0.0,0.0,0,0,0.0,0.0,0.0,0.0,0,0,0,0,0.0,0.0,0.0,60,0,0,0,4,2,2,2,2,4,0,0,0,4,4,0,DoS,1
101279,4e-06,udp,-,INT,2,0,1964,0,250000.0006,254,0,1964000000.0,0.0,0,0,0.004,0.0,0.0,0.0,0,0,0,0,0.0,0.0,0.0,982,0,0,0,4,2,4,4,1,4,0,0,0,4,4,0,Fuzzers,1
78919,0.726514,tcp,http,FIN,60,14,68199,612,100.479828,254,252,738463.4375,6265.536621,27,1,12.114441,50.444691,1302.553645,80.227523,255,439762029,2180779884,255,0.120634,0.070724,0.04991,1137,44,1,0,3,1,5,1,1,3,0,0,1,1,3,0,Fuzzers,1
32583,0.134013,tcp,-,FIN,72,74,4238,63516,1081.984607,31,29,249528.0313,3740413.25,7,30,1.883042,1.827685,96.709453,95.088739,255,3960890094,3961176607,255,0.000731,0.000583,0.000148,59,858,0,0,15,0,2,1,1,2,0,0,0,3,3,0,Normal,0
121350,1.18882,tcp,-,FIN,10,8,546,354,14.299894,254,252,3310.845947,2086.102295,2,0,10447.3442,13056.435,1032823.41,34138.86,255,3597101361,3425668774,255,0.123908,0.064988,0.05892,55,44,0,0,4,1,2,2,2,4,0,0,0,2,4,0,Fuzzers,1
18832,0.001075,udp,dns,CON,2,2,146,178,2790.69758,31,29,543255.8125,662325.5625,0,0,0.009,0.006,0.0,0.0,0,0,0,0,0.0,0.0,0.0,73,89,0,0,1,0,1,1,1,1,0,0,0,1,2,0,Normal,0
88049,0.193331,tcp,-,FIN,10,6,2044,268,77.587142,254,252,76138.85156,9269.077148,2,1,19.840444,37.061398,1053.087991,62.685641,255,3453205203,423045487,255,0.05503,0.008019,0.047011,204,45,1,0,2,1,1,1,1,1,0,0,1,1,1,0,DoS,1
21414,0.347968,tcp,-,FIN,28,30,4456,3080,163.808161,31,29,98790.6875,68466.0625,7,7,12.876185,11.981,719.547559,18.237539,255,3665714749,3668915424,255,0.000656,0.000514,0.000142,159,103,0,0,6,0,5,1,1,3,0,0,0,5,10,0,Normal,0
149226,1e-06,udp,dns,INT,2,0,114,0,1000000.003,254,0,456000000.0,0.0,0,0,0.001,0.0,0.0,0.0,0,0,0,0,0.0,0.0,0.0,57,0,0,0,12,2,12,12,12,13,0,0,0,13,12,0,Generic,1
47414,0.460464,tcp,-,FIN,10,6,534,268,32.575836,254,252,8356.788086,3891.726562,2,1,51.162667,75.727203,2721.706549,117.363031,255,3940873697,3445049493,255,0.171999,0.081045,0.090954,53,45,0,0,6,1,2,2,1,6,0,0,0,2,6,0,Normal,0
131957,8e-06,udp,dns,INT,2,0,114,0,125000.0003,254,0,57000000.0,0.0,0,0,0.008,0.0,0.0,0.0,0,0,0,0,0.0,0.0,0.0,57,0,0,0,18,2,18,18,18,18,0,0,0,18,18,0,Generic,1
167475,8e-06,udp,dns,INT,2,0,114,0,125000.0003,254,0,57000000.0,0.0,0,0,0.008,0.0,0.0,0.0,0,0,0,0,0.0,0.0,0.0,57,0,0,0,32,2,16,16,16,32,0,0,0,16,32,0,Generic,1
59719,0.390944,tcp,-,FIN,10,10,468,2530,48.600311,62,252,8635.507812,46594.91016,2,3,43.438222,35.887109,2135.29294,42.30209,255,2070529456,3501039238,255,0.081186,0.046711,0.034475,47,253,0,0,11,1,1,1,1,1,0,0,0,3,1,0,Exploits,1
132160,3e-06,udp,dns,INT,2,0,114,0,333333.3215,254,0,152000000.0,0.0,0,0,0.003,0.0,0.0,0.0,0,0,0,0,0.0,0.0,0.0,57,0,0,0,51,2,51,51,27,51,0,0,0,51,51,0,Generic,1
1573,0.676058,udp,-,CON,4,4,528,304,10.354141,31,29,4685.988281,2697.993408,0,0,106.343336,220.644328,150.385109,312.032562,0,0,0,0,0.0,0.0,0.0,132,76,0,0,8,0,3,1,1,2,0,0,0,8,14,0,Normal,0
6541,1.027169,tcp,http,FIN,14,18,1684,10168,30.180039,31,29,12181.05273,74799.76563,3,5,78.986228,60.393176,8766.12934,7675.324384,255,2903467148,2909212947,255,0.000606,0.000482,0.000124,120,565,1,3924,2,0,3,1,1,1,0,0,1,5,3,0,Normal,0
138399,1.37873,tcp,-,FIN,60,14,68185,612,52.947275,254,252,389047.875,3301.589111,27,1,22.643288,95.347695,2518.463386,174.471031,255,2422207306,4071085584,255,0.243948,0.139208,0.10474,1136,44,1,0,3,1,1,1,1,2,0,0,1,1,4,0,Fuzzers,1
94182,9e-06,udp,-,INT,2,0,168,0,111111.1072,254,0,74666664.0,0.0,0,0,0.009,0.0,0.0,0.0,0,0,0,0,0.0,0.0,0.0,84,0,0,0,1,2,1,1,1,1,0,0,0,33,1,0,Reconnaissance,1
69199,9e-06,unas,-,INT,2,0,200,0,111111.1072,254,0,88888888.0,0.0,0,0,0.009,0.0,0.0,0.0,0,0,0,0,0.0,0.0,0.0,100,0,0,0,4,2,3,3,3,4,0,0,0,4,4,0,DoS,1
174437,9e-06,udp,dns,INT,2,0,114,0,111111.1072,254,0,50666664.0,0.0,0,0,0.009,0.0,0.0,0.0,0,0,0,0,0.0,0.0,0.0,57,0,0,0,17,2,17,17,9,17,0,0,0,18,17,0,Generic,1
168431,3e-06,udp,dns,INT,2,0,114,0,333333.3215,254,0,152000000.0,0.0,0,0,0.003,0.0,0.0,0.0,0,0,0,0,0.0,0.0,0.0,57,0,0,0,33,2,18,17,17,33,0,0,0,17,33,0,Generic,1
11751,1.014968,tcp,http,FIN,14,18,1684,10168,30.542834,31,29,12327.48145,75698.9375,3,5,78.048,59.673588,8766.628706,7715.155481,255,2541486021,392905612,255,0.000656,0.000514,0.000142,120,565,1,3924,2,0,6,1,1,1,0,0,1,2,2,0,Normal,0
133606,4e-06,udp,dns,INT,2,0,114,0,250000.0006,254,0,114000000.0,0.0,0,0,0.004,0.0,0.0,0.0,0,0,0,0,0.0,0.0,0.0,57,0,0,0,29,2,16,14,8,32,0,0,0,15,29,0,Generic,1
122833,1.202057,tcp,-,FIN,12,8,1366,742,15.806239,254,252,8339.039062,4325.917969,3,2,102.668453,157.129578,5642.131873,215.091016,255,2783845576,477683916,255,0.17335,0.102141,0.071209,114,93,0,0,5,1,1,1,1,3,0,0,0,1,3,0,Fuzzers,1
46303,0.910895,tcp,-,FIN,14,10,774,556,25.249892,254,252,6314.668457,4400.067871,4,3,67.104844,92.869445,3436.464673,134.4795,255,2923327821,3914498331,255,0.153191,0.075061,0.07813,55,56,0,0,2,1,1,1,1,2,0,0,0,1,2,0,Normal,0
121055,0.18849,tcp,http,FIN,10,6,956,268,79.579817,254,252,36543.05078,9507.135742,2,1,19.338444,34.968,1030.112106,58.844582,255,706509426,1704292082,255,0.062957,0.013647,0.04931,96,45,1,0,1,1,1,1,1,1,0,0,1,1,1,0,Reconnaissance,1
45467,0.428717,tcp,-,FIN,10,6,2516,268,34.988117,254,252,42265.64453,4179.913574,2,1,43.999111,69.121,2482.699055,101.37807,255,2494890138,3350533626,255,0.114261,0.083109,0.031152,252,45,0,0,4,1,1,1,1,3,0,0,0,2,4,0,Normal,0
77370,0.526512,tcp,-,FIN,10,6,2550,268,28.489378,254,252,34871.0,3403.531006,2,1,55.824,90.819,2860.570206,139.59725,255,3561077160,3028291143,255,0.104791,0.072408,0.032383,255,45,0,0,4,1,2,1,1,3,0,0,0,1,5,0,Fuzzers,1
116179,2.009743,tcp,smtp,FIN,114,32,126952,2174,72.148529,62,252,500915.7813,8387.142578,54,8,17.785336,62.077676,1839.386147,87.458523,255,1181413614,4200630652,255,0.144827,0.069837,0.07499,1114,68,0,0,1,1,1,1,1,1,0,0,0,1,1,0,Exploits,1
81889,9e-06,rsvp,-,INT,2,0,200,0,111111.1072,254,0,88888888.0,0.0,0,0,0.009,0.0,0.0,0.0,0,0,0,0,0.0,0.0,0.0,100,0,0,0,8,2,4,4,4,15,0,0,0,4,8,0,DoS,1
145685,8e-06,udp,dns,INT,2,0,114,0,125000.0003,254,0,57000000.0,0.0,0,0,0.008,0.0,0.0,0.0,0,0,0,0,0.0,0.0,0.0,57,0,0,0,16,2,17,16,16,16,0,0,0,16,16,0,Generic,1
129234,1.73399,tcp,smtp,FIN,30,22,18516,1920,29.411935,62,252,82579.48438,8456.796875,12,8,59.776896,81.323336,3659.668368,97.415852,255,3632197244,2557523729,255,0.076862,0.026199,0.050663,617,87,0,0,1,1,1,1,1,1,0,0,0,1,1,0,Exploits,1
31854,0.001043,udp,dns,CON,2,2,146,178,2876.318242,31,29,559923.3125,682646.1875,0,0,0.007,0.002,0.0,0.0,0,0,0,0,0.0,0.0,0.0,73,89,0,0,2,0,1,1,1,2,0,0,0,5,1,0,Normal,0
7332,0.004077,tcp,http,FIN,8,10,1052,824,4169.732567,31,29,1807211.125,1455972.5,2,2,0.527429,0.390778,33.453074,0.695937,255,2956942907,2953824993,255,0.000703,0.000556,0.000147,132,82,1,83,2,0,9,2,1,7,0,0,1,18,2,0,Normal,0
138473,5e-06,udp,dns,INT,2,0,114,0,200000.0051,254,0,91200000.0,0.0,0,0,0.005,0.0,0.0,0.0,0,0,0,0,0.0,0.0,0.0,57,0,0,0,30,2,10,10,7,30,0,0,0,10,30,0,Generic,1
16594,0.488802,tcp,smtp,FIN,52,42,37152,3380,190.261093,31,29,596364.1875,54009.60156,18,8,9.577588,11.909073,761.44608,25.267166,255,412890972,413895768,255,0.000668,0.000526,0.000142,714,80,0,0,1,0,5,1,1,3,0,0,0,4,1,0,Normal,0
145971,9e-06,unas,-,INT,2,0,200,0,111111.1072,254,0,88888888.0,0.0,0,0,0.009,0.0,0.0,0.0,0,0,0,0,0.0,0.0,0.0,100,0,0,0,5,2,1,1,1,5,0,0,0,3,5,0,Exploits,1
76800,1.098936,tcp,ftp-data,FIN,8,12,364,9136,17.289451,62,252,2322.246338,60968.06641,1,4,156.990857,92.493002,10568.69204,8384.448603,255,2316176835,3871885925,255,0.158655,0.062957,0.095698,46,761,0,0,1,1,2,1,1,2,0,0,0,2,1,0,Exploits,1
106710,0.394931,tcp,http,FIN,10,14,832,9416,58.238023,62,252,15172.27148,177124.6094,2,5,43.872556,27.446232,2314.579668,2462.870277,255,3796779689,2269674154,255,0.063456,0.038127,0.025329,83,673,1,4164,1,1,1,1,1,1,0,0,1,24,1,0,Exploits,1
94281,2.601641,tcp,-,FIN,18,18,1002,3930,13.453048,62,252,2912.008301,11414.33496,6,7,152.983235,148.282359,8379.669963,198.549219,255,1884763451,3418139044,255,0.153556,0.080832,0.072724,56,218,0,0,3,1,1,1,1,1,0,0,0,3,1,0,Exploits,1
16422,0.006279,udp,-,CON,4,4,568,320,1114.827187,31,29,542761.5625,305781.1563,0,0,1.743333,1.299667,2.459082,1.8274,0,0,0,0,0.0,0.0,0.0,142,80,0,0,9,0,5,1,1,3,0,0,0,4,12,0,Normal,0
12036,0.01589,tcp,-,FIN,48,50,2974,30506,6104.46807,31,29,1466582.75,15051479.0,7,18,0.33837,0.312837,18.661775,17.685394,255,1911379810,4057056033,255,0.000681,0.000552,0.000129,62,610,0,0,11,0,1,1,1,1,0,0,0,13,4,0,Normal,0
164920,8e-06,udp,dns,INT,2,0,114,0,125000.0003,254,0,57000000.0,0.0,0,0,0.008,0.0,0.0,0.0,0,0,0,0,0.0,0.0,0.0,57,0,0,0,25,2,17,17,17,25,0,0,0,17,25,0,Generic,1
27274,0.041204,tcp,-,FIN,48,50,2958,32642,2354.140274,31,29,562469.625,6211047.0,7,18,0.888804,0.831184,0.0,59.296414,255,890082385,924995862,255,0.000582,0.000473,0.000109,62,653,0,0,7,0,2,1,1,1,0,0,0,4,4,0,Normal,0
32757,0.041597,tcp,-,FIN,50,52,3062,32746,2428.059643,31,29,577157.0,6176791.5,7,18,0.859313,0.805471,61.959219,57.218644,255,460545266,489026698,255,0.000656,0.000516,0.00014,61,630,0,0,4,0,1,1,1,1,0,0,0,5,9,0,Normal,0
153990,9e-06,udp,dns,INT,2,0,114,0,111111.1072,254,0,50666664.0,0.0,0,0,0.009,0.0,0.0,0.0,0,0,0,0,0.0,0.0,0.0,57,0,0,0,31,2,17,17,17,31,0,0,0,19,31,0,Generic,1
117393,5e-06,udp,dns,INT,2,0,114,0,200000.0051,254,0,91200000.0,0.0,0,0,0.005,0.0,0.0,0.0,0,0,0,0,0.0,0.0,0.0,57,0,0,0,34,2,18,18,18,34,0,0,0,19,34,0,Generic,1
9036,0.034316,tcp,-,FIN,22,24,1920,4312,1311.341664,31,29,427322.5313,963515.5625,6,6,1.617809,1.465217,206.686884,190.655649,255,3410686670,3411009902,255,0.000734,0.000607,0.000127,87,180,0,0,7,0,4,1,1,4,0,0,0,3,5,0,Normal,0
46782,0.704336,tcp,-,CON,6,2,978,86,9.938439,62,252,9256.945312,488.403259,2,1,140.8672,0.008,7087.583819,0.0,255,2915742190,1060254883,255,0.311826,0.158588,0.153238,163,43,0,0,4,3,2,2,1,4,0,0,0,2,4,0,Normal,0
150413,8e-06,udp,dns,INT,2,0,114,0,125000.0003,254,0,57000000.0,0.0,0,0,0.008,0.0,0.0,0.0,0,0,0,0,0.0,0.0,0.0,57,0,0,0,28,2,10,10,10,28,0,0,0,10,28,0,Generic,1
3714,4.999869,udp,dns,INT,4,0,320,0,0.600016,63,0,384.010071,0.0,0,0,1666.623,0.0,2356.95375,0.0,0,0,0,0,0.0,0.0,0.0,80,0,0,0,1,0,1,1,1,1,0,0,0,1,1,0,Normal,0
62591,1.622697,tcp,smtp,FIN,20,20,3404,1864,24.034062,62,252,15943.82715,8731.143555,7,8,85.405109,82.755211,5001.477516,126.974859,255,3460102527,4288673306,255,0.110827,0.049336,0.061491,170,93,0,0,1,1,1,1,1,1,0,0,0,1,1,0,Exploits,1
155294,6e-06,udp,dns,INT,2,0,114,0,166666.6608,254,0,76000000.0,0.0,0,0,0.006,0.0,0.0,0.0,0,0,0,0,0.0,0.0,0.0,57,0,0,0,39,2,33,33,17,39,0,0,0,33,39,0,Generic,1
38544,0.029518,tcp,-,FIN,42,42,2646,23508,2811.843546,31,29,700047.4375,6219662.5,7,14,0.730375,0.708366,45.66873,1.236344,255,4256722044,2134039108,255,0.001587,0.00047,0.001117,63,560,0,0,7,0,4,1,1,3,0,0,0,7,6,0,Normal,0
50056,0.717512,tcp,-,FIN,12,8,1878,736,26.480393,254,252,19199.67773,7180.367676,3,2,62.444729,81.501711,3365.436709,118.287242,255,667552899,3424012427,255,0.243583,0.146999,0.096584,157,92,0,0,4,1,1,1,1,4,0,0,0,1,4,0,Fuzzers,1
135281,3e-06,udp,dns,INT,2,0,114,0,333333.3215,254,0,152000000.0,0.0,0,0,0.003,0.0,0.0,0.0,0,0,0,0,0.0,0.0,0.0,57,0,0,0,22,2,16,16,16,22,0,0,0,17,22,0,Generic,1
152941,9e-06,udp,dns,INT,2,0,114,0,111111.1072,254,0,50666664.0,0.0,0,0,0.009,0.0,0.0,0.0,0,0,0,0,0.0,0.0,0.0,57,0,0,0,16,2,16,16,16,16,0,0,0,16,16,0,Generic,1
66745,0.614738,tcp,-,FIN,12,8,1062,764,30.907477,254,252,12675.31934,8706.148438,3,2,55.885273,78.83857,3036.305423,109.624578,255,518144835,2005784651,255,0.110839,0.062243,0.048596,89,96,0,0,3,1,1,1,1,3,0,0,0,1,3,0,Fuzzers,1
140531,4e-06,sps,-,INT,2,0,200,0,250000.0006,254,0,200000000.0,0.0,0,0,0.004,0.0,0.0,0.0,0,0,0,0,0.0,0.0,0.0,100,0,0,0,4,2,4,4,4,4,0,0,0,5,4,0,DoS,1
47434,0.89706,tcp,-,FIN,10,6,534,268,16.72129,254,252,4289.568359,1997.636719,2,1,96.755111,157.918797,5079.784699,267.108281,255,3457248952,3548396425,255,0.194425,0.107463,0.086962,53,45,0,0,3,1,2,2,2,3,0,0,0,2,3,0,Normal,0
94505,2.231649,tcp,pop3,FIN,20,20,944,2570,17.475867,62,252,3215.55957,8754.06543,7,8,117.455211,114.895367,6361.452569,151.946359,255,2275643535,3928207946,255,0.088696,0.047881,0.040815,47,129,0,0,1,1,3,1,1,1,0,0,0,1,1,0,Exploits,1
91212,8e-06,tcp,-,REQ,2,0,90,0,125000.0003,254,0,45000000.0,0.0,1,0,0.008,0.0,0.0,0.0,255,0,0,0,0.0,0.0,0.0,45,0,0,0,12,6,4,1,1,10,0,0,0,5,10,0,Normal,0
147536,0.244068,tcp,-,FIN,16,6,9712,268,86.041596,254,252,298441.4375,7342.216309,5,1,14.572467,42.270199,961.496083,56.333121,255,2253743519,1779990183,255,0.075773,0.032709,0.043064,607,45,0,0,1,1,1,1,1,1,0,0,0,8,1,0,Exploits,1
72320,1.125315,tcp,ftp-data,FIN,10,22,450,22662,27.547843,62,252,2879.193848,153784.5,1,9,125.035,47.416618,8245.888336,5561.995326,255,1261120155,1537126848,255,0.194558,0.101387,0.093171,45,1030,0,0,1,1,2,1,1,2,0,0,0,3,1,0,Exploits,1
32363,4.137855,tcp,-,FIN,226,438,13038,548216,160.227942,31,29,25097.06055,1057485.125,21,197,18.389102,9.46759,6489.422241,4632.552108,255,3987544324,1886851991,255,0.000635,0.000517,0.000118,58,1252,0,0,12,0,4,2,1,3,0,0,0,12,5,0,Normal,0
135777,1.733433,tcp,-,FIN,22,50,1204,48532,40.959183,62,252,5307.387207,219504.2969,6,23,82.544432,34.076458,4303.171185,2781.283433,255,1527792062,2959987603,255,0.163137,0.097022,0.066115,55,971,0,0,1,1,1,1,1,1,0,0,0,1,1,0,Exploits,1
113382,8e-06,unas,-,INT,2,0,200,0,125000.0003,254,0,100000000.0,0.0,0,0,0.008,0.0,0.0,0.0,0,0,0,0,0.0,0.0,0.0,100,0,0,0,5,2,2,2,2,5,0,0,0,2,5,0,Backdoor,1
47505,0.846008,tcp,-,FIN,10,6,534,268,17.730329,254,252,4548.42041,2118.18335,2,1,87.795556,146.868594,4815.651444,239.689312,255,216373059,3561041178,255,0.219743,0.111656,0.108087,53,45,0,0,2,1,1,1,1,1,0,0,0,2,1,0,Normal,0
81979,0.216813,tcp,http,FIN,10,6,722,268,69.184044,254,252,23983.80273,8265.1875,2,1,24.090333,34.987398,1221.097944,64.699301,255,2112417493,3375681166,255,0.08131,0.027736,0.053574,72,45,1,0,3,1,1,1,1,1,0,0,1,1,1,0,Exploits,1
106769,7e-06,unas,-,INT,2,0,200,0,142857.1409,254,0,114285712.0,0.0,0,0,0.007,0.0,0.0,0.0,0,0,0,0,0.0,0.0,0.0,100,0,0,0,6,2,3,3,3,6,0,0,0,3,6,0,Exploits,1
81023,2e-06,rdp,-,INT,2,0,200,0,500000.0013,254,0,400000000.0,0.0,0,0,0.002,0.0,0.0,0.0,0,0,0,0,0.0,0.0,0.0,100,0,0,0,6,2,3,3,3,6,0,0,0,3,6,0,Exploits,1
46830,0.999794,tcp,-,CON,6,2,978,86,7.001442,62,252,6521.343262,344.070862,2,1,199.9588,0.008,10244.52361,0.0,255,849648799,42585356,255,0.38768,0.104646,0.283034,163,43,0,0,4,3,3,3,1,4,0,0,0,3,4,0,Normal,0
87085,1e-05,ipx-n-ip,-,INT,2,0,200,0,100000.0025,254,0,80000000.0,0.0,0,0,0.01,0.0,0.0,0.0,0,0,0,0,0.0,0.0,0.0,100,0,0,0,9,2,4,2,2,13,0,0,0,4,9,0,Backdoor,1
135603,9e-06,fc,-,INT,2,0,200,0,111111.1072,254,0,88888888.0,0.0,0,0,0.009,0.0,0.0,0.0,0,0,0,0,0.0,0.0,0.0,100,0,0,0,5,2,3,3,3,5,0,0,0,5,5,0,DoS,1
129383,1e-05,unas,-,INT,2,0,200,0,100000.0025,254,0,80000000.0,0.0,0,0,0.01,0.0,0.0,0.0,0,0,0,0,0.0,0.0,0.0,100,0,0,0,5,2,1,1,1,5,0,0,0,3,5,0,DoS,1
173863,6e-06,udp,dns,INT,2,0,114,0,166666.6608,254,0,76000000.0,0.0,0,0,0.006,0.0,0.0,0.0,0,0,0,0,0.0,0.0,0.0,57,0,0,0,26,2,17,17,17,26,0,0,0,17,26,0,Generic,1
53486,3e-06,udp,-,INT,2,0,104,0,333333.3215,254,0,138666656.0,0.0,0,0,0.003,0.0,0.0,0.0,0,0,0,0,0.0,0.0,0.0,52,0,0,0,6,2,3,2,1,5,0,0,0,2,10,0,Fuzzers,1
65513,0.325326,tcp,http,FIN,12,10,1300,2092,64.550636,62,252,29312.13672,46304.32422,3,3,29.57509,34.938445,1561.146321,55.042301,255,4246428036,2406108913,255,0.052154,0.006061,0.046093,108,209,1,65,1,1,2,1,1,1,0,0,1,1,1,0,Exploits,1
91316,0.572467,tcp,-,FIN,10,8,724,354,29.696033,254,252,9111.441406,4332.127441,2,1,60.433667,72.936711,3839.269308,133.434734,255,3740029356,2059609794,255,0.139796,0.061901,0.077895,72,44,0,0,7,1,1,1,1,1,0,0,0,1,1,0,Shellcode,1
2495,0.018181,tcp,-,FIN,16,18,1540,1644,1815.081688,31,29,635388.625,683350.75,4,4,1.191667,1.042177,72.075283,2.208613,255,2407586457,266239130,255,0.000573,0.00046,0.000113,96,91,0,0,12,0,16,11,1,6,0,0,0,14,18,0,Normal,0
141627,22.881754,tcp,smtp,FIN,1708,278,2261058,12232,86.750343,62,252,790056.5625,4261.211914,847,2,13.548636,82.657711,1610.250229,94.050023,255,484055396,2741930220,255,0.193411,0.08983,0.103581,1324,44,0,0,1,1,1,1,1,1,0,0,0,2,1,0,Exploits,1
63180,1.192222,tcp,-,FIN,10,8,564,354,14.259089,254,252,3408.76123,2080.149414,2,1,132.327444,156.721281,8602.61516,220.757906,255,1265219948,92416026,255,0.188976,0.095168,0.093808,56,44,0,0,1,1,1,1,1,1,0,0,0,22,1,0,Reconnaissance,1
6271,0.087947,tcp,-,FIN,78,80,4550,72810,1785.165994,31,29,408609.7188,6540302.5,7,33,1.13813,1.105684,70.439107,69.288615,255,350202940,350532208,255,0.000727,0.000586,0.000141,58,910,0,0,4,0,2,1,1,1,0,0,0,2,3,0,Normal,0
66373,5e-06,unas,-,INT,2,0,200,0,200000.0051,254,0,160000000.0,0.0,0,0,0.005,0.0,0.0,0.0,0,0,0,0,0.0,0.0,0.0,100,0,0,0,5,2,3,3,3,5,0,0,0,3,5,0,Exploits,1
55337,0.627893,tcp,-,FIN,10,8,564,354,27.074678,254,252,6472.44043,3949.717773,2,1,69.339444,88.63557,5437.993688,139.185766,255,190197875,348748547,255,0.052013,0.007439,0.044574,56,44,0,0,1,1,1,1,1,1,0,0,0,1,2,0,Reconnaissance,1
17089,0.00102,udp,dns,CON,2,2,146,178,2941.176566,31,29,572549.0625,698039.25,0,0,0.009,0.009,0.0,0.0,0,0,0,0,0.0,0.0,0.0,73,89,0,0,4,0,4,1,1,4,0,0,0,7,5,0,Normal,0
38480,0.000964,udp,dns,CON,2,2,146,178,3112.033175,31,29,605809.125,738589.1875,0,0,0.009,0.001,0.0,0.0,0,0,0,0,0.0,0.0,0.0,73,89,0,0,2,0,2,1,1,2,0,0,0,1,2,0,Normal,0
145728,3e-06,udp,dns,INT,2,0,114,0,333333.3215,254,0,152000000.0,0.0,0,0,0.003,0.0,0.0,0.0,0,0,0,0,0.0,0.0,0.0,57,0,0,0,34,2,14,14,14,34,0,0,0,14,34,0,Generic,1
34168,0.733818,tcp,ftp-data,FIN,8,12,424,8824,25.891979,31,29,4044.599609,88185.35156,1,4,104.787002,66.665817,6438.853763,5130.992198,255,3859361038,476346335,255,0.000933,0.000493,0.00044,53,735,0,0,3,0,3,1,1,5,0,0,0,1,3,0,Normal,0
101037,1.5e-05,mobile,-,INT,1,0,60,0,0.0,0,0,0.0,0.0,0,0,0.0,0.0,0.0,0.0,0,0,0,0,0.0,0.0,0.0,60,0,0,0,2,2,2,2,2,2,0,0,0,2,2,0,DoS,1
55,2.4e-05,udp,-,INT,2,0,168,0,41666.66519,254,0,28000000.0,0.0,0,0,0.024,0.0,0.0,0.0,0,0,0,0,0.0,0.0,0.0,84,0,0,0,7,2,1,1,1,1,0,0,0,1,1,0,Normal,0
115331,0.0,arp,-,INT,1,0,46,0,0.0,0,0,0.0,0.0,0,0,0.0,0.0,0.0,0.0,0,0,0,0,0.0,0.0,0.0,46,0,0,0,2,2,2,2,2,2,0,0,0,2,2,1,Normal,0
119424,5e-06,udp,-,INT,2,0,486,0,200000.0051,254,0,388800000.0,0.0,0,0,0.005,0.0,0.0,0.0,0,0,0,0,0.0,0.0,0.0,243,0,0,0,3,2,1,1,1,2,0,0,0,1,2,0,Fuzzers,1
28694,0.026544,tcp,-,FIN,48,50,2958,33044,3654.30995,31,29,873116.375,9760097.0,7,18,0.557766,0.52998,34.589842,32.846132,255,739886315,2930552537,255,0.00071,0.000572,0.000138,62,661,0,0,9,0,4,1,1,1,0,0,0,3,6,0,Normal,0
27943,0.0301,tcp,ftp,FIN,52,54,2934,3740,3488.37219,31,29,764916.9375,975681.0625,11,15,0.607959,0.567827,51.140412,1.351103,255,1589821737,3740437539,255,0.000711,0.000569,0.000142,56,69,0,0,1,0,6,1,1,6,1,1,0,5,1,0,Normal,0
48164,9e-06,ipip,-,INT,2,0,200,0,111111.1072,254,0,88888888.0,0.0,0,0,0.009,0.0,0.0,0.0,0,0,0,0,0.0,0.0,0.0,100,0,0,0,6,2,2,2,2,6,0,0,0,10,6,0,Backdoor,1
10380,0.003994,tcp,-,FIN,12,12,1064,2260,5758.637749,31,29,1954932.375,4150225.25,4,4,0.33,0.311545,16.784425,0.377426,255,7881655,8191932,255,0.000675,0.000559,0.000116,89,188,0,0,6,0,1,1,1,6,0,0,0,1,5,0,Normal,0
170498,0.868383,tcp,http,FIN,10,6,1008,268,17.273484,254,252,8364.972656,2063.605713,2,1,85.770778,161.641406,5266.410424,242.875406,255,563541873,878657468,255,0.151551,0.060167,0.091384,101,45,1,0,1,1,1,1,1,1,0,0,1,1,1,0,Exploits,1
157093,5e-06,udp,dns,INT,2,0,114,0,200000.0051,254,0,91200000.0,0.0,0,0,0.005,0.0,0.0,0.0,0,0,0,0,0.0,0.0,0.0,57,0,0,0,33,2,10,10,10,34,0,0,0,10,33,0,Generic,1
142086,9e-06,udp,dns,INT,2,0,114,0,111111.1072,254,0,50666664.0,0.0,0,0,0.009,0.0,0.0,0.0,0,0,0,0,0.0,0.0,0.0,57,0,0,0,20,2,17,16,16,20,0,0,0,16,20,0,Generic,1
42215,1e-05,udp,-,INT,2,0,1064,0,100000.0025,254,0,425600000.0,0.0,0,0,0.01,0.0,0.0,0.0,0,0,0,0,0.0,0.0,0.0,532,0,0,0,22,2,2,2,1,22,0,0,0,2,22,0,Normal,0
82963,6e-06,udp,-,INT,2,0,340,0,166666.6608,254,0,226666656.0,0.0,0,0,0.006,0.0,0.0,0.0,0,0,0,0,0.0,0.0,0.0,170,0,0,0,5,2,1,1,1,1,0,0,0,3,1,0,Shellcode,1
3726,0.001092,udp,dns,CON,2,2,146,178,2747.252623,31,29,534798.5,652014.625,0,0,0.006,0.003,0.0,0.0,0,0,0,0,0.0,0.0,0.0,73,89,0,0,4,0,2,1,1,1,0,0,0,4,3,0,Normal,0
136524,1.73837,tcp,smtp,FIN,20,20,3610,1740,22.43481,62,252,15784.90234,7607.126465,7,8,91.493156,88.256789,4573.699015,113.407102,255,2403380240,3350805373,255,0.163945,0.060799,0.103146,181,87,0,0,1,1,1,1,1,1,0,0,0,2,1,0,Exploits,1
4980,0.001004,udp,dns,CON,2,2,146,178,2988.047923,31,29,581673.3125,709163.375,0,0,0.001,0.003,0.0,0.0,0,0,0,0,0.0,0.0,0.0,73,89,0,0,4,0,1,1,1,1,0,0,0,1,2,0,Normal,0
106790,0.0,arp,-,INT,1,0,46,0,0.0,0,0,0.0,0.0,0,0,60000.752,0.0,0.0,0.0,0,0,0,0,0.0,0.0,0.0,46,0,0,0,1,2,1,1,1,1,0,0,0,1,1,1,Normal,0
69653,0.872101,tcp,-,FIN,30,14,23606,728,49.306215,254,252,209333.5469,6201.116699,12,3,29.655794,63.438383,2596.482287,100.432922,255,3046799160,3439231264,255,0.102514,0.047394,0.05512,787,52,0,0,6,1,1,1,1,6,0,0,0,3,6,0,Normal,0
38319,0.041651,tcp,-,FIN,52,54,3182,39076,2520.947917,31,29,599457.375,7366546.0,7,20,0.810216,0.779442,47.216433,45.578629,255,3864517972,3864812228,255,0.001224,0.00111,0.000114,61,724,0,0,5,0,3,1,1,1,0,0,0,10,6,0,Normal,0
16052,0.004775,tcp,-,FIN,22,14,1470,1728,7329.843232,31,29,2352251.5,2689005.25,5,4,0.23875,0.312462,15.068802,0.427782,255,147131424,147416856,255,0.000723,0.000579,0.000144,67,123,0,0,7,0,5,2,1,2,0,0,0,4,8,0,Normal,0
126812,0.623225,tcp,-,FIN,12,8,3050,708,30.486583,254,252,35890.73047,7958.602539,3,2,49.528271,80.475859,2559.936797,104.581664,255,1116682612,3474080115,255,0.132499,0.059892,0.072607,254,89,0,0,3,1,2,2,1,3,0,0,0,3,3,0,Fuzzers,1
26384,0.173176,udp,-,CON,4,4,520,304,40.421304,31,29,18016.35352,10532.63672,0,0,12.008667,48.355668,16.970092,68.382414,0,0,0,0,0.0,0.0,0.0,130,76,0,0,10,0,2,1,1,3,0,0,0,5,6,0,Normal,0
144944,6e-06,unas,-,INT,2,0,200,0,166666.6608,254,0,133333328.0,0.0,0,0,0.006,0.0,0.0,0.0,0,0,0,0,0.0,0.0,0.0,100,0,0,0,5,2,4,4,4,5,0,0,0,7,5,0,DoS,1
61704,44.300476,ospf,-,INT,28,0,12832,0,0.609474,254,0,2234.55835,0.0,0,0,1640.758375,0.0,1908.435625,0.0,0,0,0,0,0.0,0.0,0.0,458,0,0,0,1,2,19,1,1,19,0,0,0,19,1,0,Backdoor,1
62179,0.381533,tcp,http,FIN,10,8,804,1290,44.55709,62,252,15180.86231,23672.91992,2,2,42.392556,48.044145,2147.402455,89.364641,255,2151727842,4036599787,255,0.121554,0.044807,0.076747,80,161,1,228,2,1,2,2,1,2,0,0,1,2,2,0,Exploits,1
29752,1.186025,tcp,http,FIN,14,18,1684,10168,26.137728,31,29,10549.52441,64781.09375,3,5,91.206613,69.738294,8882.813269,7776.695272,255,837435382,838374291,255,0.000596,0.000471,0.000125,120,565,1,3924,1,0,2,1,1,3,0,0,1,1,2,0,Normal,0
5812,0.006331,udp,-,CON,4,4,568,320,1105.670508,31,29,538303.5625,303269.625,0,0,1.763333,1.332333,2.490902,1.876427,0,0,0,0,0.0,0.0,0.0,142,80,0,0,4,0,4,1,1,3,0,0,0,3,8,0,Normal,0
52374,0.936887,tcp,-,FIN,12,8,1138,770,20.279926,254,252,8914.628906,5755.229492,3,2,82.433817,119.44443,4071.465152,156.195672,255,688207657,3564651796,255,0.182227,0.100768,0.081459,95,96,0,0,5,1,4,4,4,5,0,0,0,4,5,0,Fuzzers,1
46447,0.891399,tcp,-,FIN,10,8,534,354,19.071145,254,252,4316.80957,2782.143555,2,1,98.940444,114.02943,5522.912013,181.584844,255,2793243330,435596315,255,0.152751,0.093184,0.059567,53,44,0,0,5,1,2,2,2,3,0,0,0,4,3,0,Normal,0
68163,1.235804,tcp,ftp,FIN,12,12,634,682,18.611366,254,252,3767.587891,4052.422607,3,4,112.345817,104.925906,5690.190223,142.202203,255,3962418940,3325104088,255,0.227947,0.080923,0.147024,53,57,0,0,2,1,1,1,1,2,0,0,0,1,2,0,Fuzzers,1
132337,16.871128,tcp,http,FIN,248,1622,10664,2166417,110.780974,62,252,5036.296387,1026644.813,0,805,68.858648,10.600343,77.686984,1245.446261,255,1368258215,3078968409,255,0.109793,0.040654,0.069139,43,1336,1,5242880,2,1,1,1,1,1,0,0,2,1,1,0,Generic,1
156955,3e-06,udp,dns,INT,2,0,114,0,333333.3215,254,0,152000000.0,0.0,0,0,0.003,0.0,0.0,0.0,0,0,0,0,0.0,0.0,0.0,57,0,0,0,30,2,8,8,8,30,0,0,0,8,30,0,Generic,1
154674,7e-06,udp,dns,INT,2,0,114,0,142857.1409,254,0,65142856.0,0.0,0,0,0.007,0.0,0.0,0.0,0,0,0,0,0.0,0.0,0.0,57,0,0,0,24,2,11,10,10,25,0,0,0,10,24,0,Generic,1
21863,0.003895,tcp,http,FIN,8,10,1040,824,4364.569862,31,29,1869062.875,1524005.125,2,2,0.508143,0.376444,32.6335,0.682262,255,358838695,359782560,255,0.000633,0.000504,0.000129,130,82,1,83,1,0,2,1,1,2,0,0,1,2,2,0,Normal,0
124403,1.533305,tcp,ftp,FIN,22,22,1198,1646,28.043996,62,252,5968.805664,8201.890625,7,9,73.014527,71.73924,3766.853776,4128.296726,255,555536746,2155288592,255,0.06045,0.026018,0.034432,54,75,0,0,1,1,1,1,1,2,1,1,0,1,1,0,Exploits,1
50837,6e-06,ipv6-no,-,INT,2,0,200,0,166666.6608,254,0,133333328.0,0.0,0,0,0.006,0.0,0.0,0.0,0,0,0,0,0.0,0.0,0.0,100,0,0,0,3,2,3,3,3,3,0,0,0,4,3,0,Reconnaissance,1
35088,0.046318,tcp,ftp-data,FIN,6,8,320,1946,280.668433,31,29,46115.98438,294140.5313,1,2,9.202,6.539286,640.718565,15.706477,255,1184301938,3339905280,255,0.000689,0.000539,0.00015,53,243,0,0,1,0,5,1,1,9,0,0,0,7,1,0,Normal,0
13236,0.058543,tcp,-,FIN,86,86,4966,75600,2920.929896,31,29,670823.125,10210751.0,7,36,0.685035,0.708244,0.0,1.014391,255,3204398511,1059871734,255,0.000574,0.000464,0.00011,58,879,0,0,5,0,2,1,1,2,0,0,0,3,8,0,Normal,0
174454,8e-06,udp,dns,INT,2,0,114,0,125000.0003,254,0,57000000.0,0.0,0,0,0.008,0.0,0.0,0.0,0,0,0,0,0.0,0.0,0.0,57,0,0,0,21,2,21,21,10,21,0,0,0,22,21,0,Generic,1
139569,3e-06,crtp,-,INT,2,0,200,0,333333.3215,254,0,266666656.0,0.0,0,0,0.003,0.0,0.0,0.0,0,0,0,0,0.0,0.0,0.0,100,0,0,0,6,2,2,2,2,6,0,0,0,3,6,0,Exploits,1
66349,3e-06,unas,-,INT,2,0,200,0,333333.3215,254,0,266666656.0,0.0,0,0,0.003,0.0,0.0,0.0,0,0,0,0,0.0,0.0,0.0,100,0,0,0,6,2,3,3,3,6,0,0,0,14,6,0,Exploits,1
33573,0.024886,tcp,-,FIN,60,62,3598,48710,4862.171326,31,29,1137667.75,15406252.0,7,24,0.416576,0.411729,23.075001,22.853531,255,2603551584,2603869782,255,0.000703,0.000585,0.000118,60,786,0,0,7,0,2,1,1,1,0,0,0,6,2,0,Normal,0
8865,0.013646,tcp,-,FIN,16,18,1540,1644,2418.291063,31,29,846548.4375,910449.9375,4,4,0.887467,0.775824,62.452277,1.443847,255,1252396602,1258620194,255,0.000574,0.000452,0.000122,96,91,0,0,15,0,7,12,1,6,0,0,0,17,20,0,Normal,0
123446,0.542483,tcp,http,FIN,10,8,916,1128,31.337389,62,252,12166.28027,14555.2959,2,2,60.171556,65.712289,3250.832528,86.497531,255,2527968431,2753582649,255,0.13507,0.082488,0.052582,92,141,1,162,1,1,1,1,1,1,0,0,1,2,1,0,Exploits,1
174054,6e-06,udp,dns,INT,2,0,114,0,166666.6608,254,0,76000000.0,0.0,0,0,0.006,0.0,0.0,0.0,0,0,0,0,0.0,0.0,0.0,57,0,0,0,19,2,2,2,2,19,0,0,0,2,19,0,Generic,1
79400,1.217659,tcp,http,FIN,58,14,68115,612,58.308607,254,252,439801.2813,3738.320801,26,1,21.345315,88.374383,2020.34888,117.092828,255,2649667588,4246719254,255,0.142876,0.068789,0.074087,1174,44,1,0,3,1,22,1,1,3,0,0,1,3,2,0,Fuzzers,1
97190,1.162238,tcp,smtp,FIN,72,26,72026,2088,83.45967,62,252,488891.25,13821.60938,33,8,16.369549,44.57752,1341.975201,52.384055,255,1619939308,1793095799,255,0.058768,0.015934,0.042834,1000,80,0,0,1,1,1,1,1,1,0,0,0,1,1,0,Exploits,1
31666,0.047972,tcp,-,FIN,48,50,2958,33044,2022.012793,31,29,483115.125,5400483.5,7,18,1.059156,0.967633,69.89365,66.665862,255,1775374795,1795457768,255,0.000684,0.000555,0.000129,62,661,0,0,3,0,1,1,1,1,0,0,0,2,10,0,Normal,0
133094,0.202575,tcp,http,FIN,10,6,750,268,74.04665,254,252,26656.79492,8846.106445,2,1,22.508333,35.013,1166.889258,65.929375,255,2905655860,2305808979,255,0.07562,0.021642,0.053978,75,45,1,0,1,1,1,1,1,1,0,0,1,1,1,0,Reconnaissance,1
44793,1.27663,tcp,http,FIN,10,8,852,1304,13.316309,62,252,4806.404297,7150.074707,2,2,141.835556,175.478578,9314.71055,378.374656,255,3407674170,580346672,255,0.085967,0.048274,0.037693,85,163,0,0,2,1,1,1,1,2,0,0,0,25,2,0,Normal,0
149098,5e-06,udp,dns,INT,2,0,114,0,200000.0051,254,0,91200000.0,0.0,0,0,0.005,0.0,0.0,0.0,0,0,0,0,0.0,0.0,0.0,57,0,0,0,16,2,16,16,16,16,0,0,0,17,16,0,Generic,1
13601,1.756602,tcp,-,FIN,16,18,1540,1644,18.78627,31,29,6576.333008,7072.746094,4,4,117.084802,103.295937,6492.443885,214.220125,255,316812951,458115457,255,0.000682,0.000569,0.000113,96,91,0,0,5,0,4,3,1,4,0,0,0,5,5,0,Normal,0
53808,1e-05,udp,-,INT,2,0,1546,0,100000.0025,254,0,618400000.0,0.0,0,0,0.01,0.0,0.0,0.0,0,0,0,0,0.0,0.0,0.0,773,0,0,0,26,2,17,17,1,25,0,0,0,17,25,0,Fuzzers,1
52517,9e-06,udp,-,INT,2,0,168,0,111111.1072,254,0,74666664.0,0.0,0,0,0.009,0.0,0.0,0.0,0,0,0,0,0.0,0.0,0.0,84,0,0,0,2,2,1,1,1,1,0,0,0,1,5,0,Reconnaissance,1
121298,1.008592,st2,-,INT,4,0,360,0,2.974444,254,0,2141.599365,0.0,0,0,336.197344,0.0,475.447063,0.0,0,0,0,0,0.0,0.0,0.0,90,0,0,0,1,2,1,1,1,1,0,0,0,1,1,0,DoS,1
153071,3e-06,udp,dns,INT,2,0,114,0,333333.3215,254,0,152000000.0,0.0,0,0,0.003,0.0,0.0,0.0,0,0,0,0,0.0,0.0,0.0,57,0,0,0,30,2,17,17,17,30,0,0,0,17,30,0,Generic,1
114339,0.701138,tcp,-,FIN,16,10,1562,556,35.656318,254,252,16715.68164,5716.420898,5,3,45.113467,72.915445,2335.158417,89.412063,255,2333280788,2304338906,255,0.095689,0.044898,0.050791,98,56,0,0,3,1,2,2,1,3,0,0,0,2,3,0,Fuzzers,1
155685,1.781108,tcp,smtp,FIN,38,22,30988,1800,33.125447,254,252,135524.625,7721.036621,16,8,48.138056,80.801711,3202.177747,99.950195,255,3985262376,3185323716,255,0.20043,0.081659,0.118771,815,82,0,0,1,1,1,1,1,1,0,0,0,2,1,0,Generic,1
161247,3e-06,udp,dns,INT,2,0,114,0,333333.3215,254,0,152000000.0,0.0,0,0,0.003,0.0,0.0,0.0,0,0,0,0,0.0,0.0,0.0,57,0,0,0,35,2,33,33,17,35,0,0,0,33,35,0,Generic,1
49644,9e-06,unas,-,INT,2,0,200,0,111111.1072,254,0,88888888.0,0.0,0,0,0.009,0.0,0.0,0.0,0,0,0,0,0.0,0.0,0.0,100,0,0,0,3,2,1,1,1,3,0,0,0,2,3,0,Exploits,1
50668,3.62041,tcp,smtp,FIN,44,24,31359,2050,18.506191,62,252,67720.50781,4342.049805,18,8,84.195581,153.764344,5744.892583,217.013875,255,3257528761,1246077011,255,0.261139,0.083157,0.177982,713,85,0,0,1,1,1,1,1,1,0,0,0,3,1,0,Exploits,1
125555,59.392632,ospf,-,REQ,54,0,14688,0,0.892367,254,0,1941.789673,0.0,0,0,1145.003125,0.0,1272.075125,0.0,0,0,0,0,0.0,0.0,0.0,272,0,0,0,1,6,2,1,1,1,0,0,0,1,1,0,Exploits,1
18461,0.006091,tcp,-,FIN,22,24,1920,4312,7387.949377,31,29,2407486.5,5428337.0,6,6,0.273571,0.233652,17.21099,13.57043,255,2748603706,603588054,255,0.000837,0.000708,0.000129,87,180,0,0,4,0,3,1,1,5,0,0,0,4,5,0,Normal,0
49118,4.266824,tcp,-,FIN,26,44,1352,37812,16.17128,62,252,2437.410156,69284.32031,6,20,170.668765,96.087344,10946.66877,8265.501232,255,2054418125,4169939163,255,0.227705,0.135067,0.092638,52,859,0,0,1,1,1,1,1,1,0,0,0,1,1,0,Exploits,1
150459,6e-06,udp,dns,INT,2,0,114,0,166666.6608,254,0,76000000.0,0.0,0,0,0.006,0.0,0.0,0.0,0,0,0,0,0.0,0.0,0.0,57,0,0,0,17,2,17,17,17,17,0,0,0,18,17,0,Generic,1
96711,9e-06,unas,-,INT,2,0,200,0,111111.1072,254,0,88888888.0,0.0,0,0,0.009,0.0,0.0,0.0,0,0,0,0,0.0,0.0,0.0,100,0,0,0,4,2,3,2,2,6,0,0,0,3,4,0,Exploits,1
38994,0.077239,tcp,-,FIN,18,20,4016,2560,479.032617,31,29,392858.5313,251893.4688,7,7,4.524882,4.035842,561.569468,16.102156,255,1396686091,1399760152,255,0.000678,0.000555,0.000123,223,128,0,0,4,0,5,1,1,3,0,0,0,3,3,0,Normal,0
45860,9.624433,tcp,-,REQ,8,0,360,0,0.727316,254,0,261.833618,0.0,7,0,1374.919,0.0,2602.05825,0.0,255,0,0,0,0.0,0.0,0.0,45,0,0,0,33,6,8,2,2,33,0,0,0,8,33,0,Normal,0
45219,0.527782,tcp,-,FIN,10,6,534,268,28.420824,254,252,7290.888672,3395.341064,2,1,53.484889,82.331203,2781.33814,122.937562,255,266519893,714005055,255,0.170802,0.116117,0.054685,53,45,0,0,4,1,1,1,1,3,0,0,0,2,3,0,Normal,0
72171,5e-06,unas,-,INT,2,0,200,0,200000.0051,254,0,160000000.0,0.0,0,0,0.005,0.0,0.0,0.0,0,0,0,0,0.0,0.0,0.0,100,0,0,0,6,2,3,3,3,6,0,0,0,3,6,0,Exploits,1
72293,6e-06,unas,-,INT,2,0,200,0,166666.6608,254,0,133333328.0,0.0,0,0,0.006,0.0,0.0,0.0,0,0,0,0,0.0,0.0,0.0,100,0,0,0,5,2,2,2,2,5,0,0,0,2,5,0,Exploits,1
88869,0.788123,tcp,http,FIN,10,10,808,1136,24.107912,62,252,7389.709473,10384.16602,2,2,87.569222,78.401,5008.720878,144.602203,255,3396145094,3505930255,255,0.154164,0.05596,0.098204,81,114,1,123,3,1,1,1,1,5,0,0,1,2,3,0,Normal,0
102313,7.147017,tcp,ftp,FIN,24,24,1272,1726,6.57617,62,252,1364.485352,1852.521118,7,9,310.73988,306.005924,23504.62949,25823.78389,255,3089012862,2252299650,255,0.310576,0.108135,0.202441,53,72,0,0,1,1,1,1,1,2,1,1,0,1,1,0,Exploits,1
120352,1.336824,tcp,http,FIN,12,12,910,5826,17.204957,62,252,4996.917969,31962.32031,2,3,121.439366,110.479724,7054.619011,7416.591252,255,2328386605,2639122398,255,0.260809,0.121546,0.139263,76,486,1,2412,2,1,1,2,1,1,0,0,1,2,1,0,Exploits,1
43357,9e-06,udp,-,INT,2,0,104,0,111111.1072,254,0,46222220.0,0.0,0,0,0.009,0.0,0.0,0.0,0,0,0,0,0.0,0.0,0.0,52,0,0,0,6,2,1,1,1,6,0,0,0,1,13,0,Normal,0
132624,6e-06,udp,dns,INT,2,0,114,0,166666.6608,254,0,76000000.0,0.0,0,0,0.006,0.0,0.0,0.0,0,0,0,0,0.0,0.0,0.0,57,0,0,0,32,2,17,17,17,32,0,0,0,18,32,0,Generic,1
29144,0.166081,tcp,-,FIN,22,24,2054,2478,270.952132,31,29,94459.9375,114402.0078,6,6,7.892476,7.194174,482.252226,460.622912,255,678086306,678399701,255,0.000732,0.000607,0.000125,93,103,0,0,8,0,6,2,1,1,0,0,0,2,10,0,Normal,0
