proto,service,state,spkts,dpkts,sbytes,dbytes,rate,sttl,dttl,reconstruction_error,is_anomaly,severity,threshold,attack_type
tcp,-,FIN,232,438,13350,548216,244.458211,31,29,0.027501,0,NORMAL,0.05,Normal
udp,dns,INT,2,0,114,0,111111.1072,254,0,0.208177,1,CRITICAL,0.05,Generic
tcp,-,FIN,36,34,6102,3892,11.920133,254,252,0.059934,1,LOW,0.05,Exploits
tcp,-,FIN,448,858,25160,1094788,338.993271,31,29,0.033064,0,NORMAL,0.05,Normal
udp,dns,CON,2,2,130,162,2851.711087,31,29,0.014842,0,NORMAL,0.05,Normal
udp,dns,INT,2,0,114,0,200000.0051,254,0,0.08636,1,MEDIUM,0.05,Generic
udp,dns,INT,2,0,114,0,125000.0003,254,0,0.25365,1,CRITICAL,0.05,Generic
tcp,-,FIN,34,16,28660,814,33.426587,254,252,0.182085,1,HIGH,0.05,Fuzzers
tcp,smtp,FIN,52,42,37492,3380,2724.316772,31,29,0.041973,0,NORMAL,0.05,Normal
tcp,-,FIN,48,50,2958,33044,4266.92489,31,29,0.030342,0,NORMAL,0.05,Normal
st2,-,INT,4,0,360,0,2.974514,254,0,0.069399,1,LOW,0.05,DoS
unas,-,INT,2,0,200,0,100000.0025,254,0,0.170659,1,HIGH,0.05,DoS
tcp,-,FIN,14,12,774,642,26.733251,254,252,0.043568,0,NORMAL,0.05,Normal
tcp,-,FIN,10,8,672,354,27.02969,254,252,0.171422,1,HIGH,0.05,Fuzzers
udp,dns,INT,2,0,114,0,125000.0003,254,0,0.156054,1,HIGH,0.05,Generic
udp,-,CON,4,4,536,304,4067.402792,31,29,0.032308,0,NORMAL,0.05,Normal
tcp,-,FIN,22,8,20964,354,98.179282,254,252,0.134175,1,HIGH,0.05,DoS
tcp,http,FIN,10,10,814,4216,14.829627,62,252,0.097823,1,MEDIUM,0.05,Exploits
tcp,-,FIN,10,6,534,268,65.857643,254,252,0.012361,0,NORMAL,0.05,Normal
tcp,http,FIN,10,6,862,268,19.856346,254,252,0.183163,1,HIGH,0.05,DoS
tcp,smtp,FIN,246,52,301541,3212,157.448928,62,252,0.146791,1,HIGH,0.05,Exploits
udp,-,INT,2,0,1064,0,250000.0006,254,0,0.144759,1,HIGH,0.05,Fuzzers
irtp,-,INT,2,0,200,0,142857.1409,254,0,0.230865,1,CRITICAL,0.05,Exploits
tcp,-,FIN,22,24,2054,2478,541.346864,31,29,0.017425,0,NORMAL,0.05,Normal
tcp,smtp,FIN,40,22,32398,1838,40.305291,62,252,0.133472,1,HIGH,0.05,Exploits
tcp,-,FIN,12,10,1058,834,19.637914,254,252,0.2789,1,CRITICAL,0.05,Fuzzers
udp,-,CON,4,4,520,304,4146.919314,31,29,0.006437,0,NORMAL,0.05,Normal
udp,dns,INT,2,0,114,0,111111.1072,254,0,0.131462,1,HIGH,0.05,Generic
udp,dns,CON,2,2,132,164,2840.909069,31,29,0.023668,0,NORMAL,0.05,Normal
vmtp,-,INT,2,0,200,0,1000000.003,254,0,0.263327,1,CRITICAL,0.05,DoS
udp,dns,INT,2,0,114,0,125000.0003,254,0,0.179837,1,HIGH,0.05,Generic
tcp,smtp,FIN,340,68,426724,3720,133.214894,62,252,0.234362,1,CRITICAL,0.05,Exploits
any,-,INT,2,0,200,0,111111.1072,254,0,0.193245,1,HIGH,0.05,Exploits
udp,dns,INT,2,0,114,0,125000.0003,254,0,0.200439,1,CRITICAL,0.05,Generic
udp,dns,CON,2,2,130,162,2923.976572,31,29,0.034022,0,NORMAL,0.05,Normal
udp,-,INT,2,0,104,0,111111.1072,254,0,0.019622,0,NORMAL,0.05,Normal
tcp,-,FIN,12,10,1106,838,8.420033,254,252,0.148542,1,HIGH,0.05,Fuzzers
tcp,http,FIN,10,10,778,4074,52.723736,62,252,0.191191,1,HIGH,0.05,Generic
tcp,-,FIN,12,8,1036,764,21.541852,254,252,0.269735,1,CRITICAL,0.05,Fuzzers
cpnx,-,INT,2,0,200,0,100000.0025,254,0,0.260263,1,CRITICAL,0.05,Exploits
sctp,-,CON,4,2,536,440,30.629935,254,60,0.215355,1,CRITICAL,0.05,Exploits
tcp,-,FIN,10,6,656,268,19.328452,254,252,0.032128,0,NORMAL,0.05,Normal
ospf,-,INT,20,0,1040,0,40.760375,254,0,0.094975,1,MEDIUM,0.05,Exploits
udp,-,INT,2,0,168,0,125000.0003,254,0,0.082089,1,MEDIUM,0.05,Reconnaissance
udp,-,INT,2,0,1064,0,100000.0025,254,0,0.02304,0,NORMAL,0.05,Normal
tcp,-,FIN,10,6,1550,268,11.346539,254,252,0.219944,1,CRITICAL,0.05,Fuzzers
tcp,-,FIN,90,92,5174,83812,3486.065446,31,29,0.019767,0,NORMAL,0.05,Normal
udp,dns,INT,2,0,114,0,125000.0003,254,0,0.272967,1,CRITICAL,0.05,Generic
tcp,-,FIN,122,126,7820,15736,244.344937,31,29,0.023016,0,NORMAL,0.05,Normal
udp,dns,CON,2,2,146,178,2964.426812,31,29,0.034639,0,NORMAL,0.05,Normal
udp,dns,CON,2,2,120,798,55.261848,62,252,0.213748,1,CRITICAL,0.05,Exploits
tcp,-,FIN,16,14,922,728,11.228016,254,252,0.227529,1,CRITICAL,0.05,Fuzzers
udp,dns,INT,2,0,114,0,111111.1072,254,0,0.062805,1,LOW,0.05,Generic
tcp,http,FIN,10,6,984,268,39.847623,254,252,0.083929,1,MEDIUM,0.05,Exploits
tcp,-,FIN,10,6,534,268,28.241568,254,252,0.145424,1,HIGH,0.05,Fuzzers
tcp,-,FIN,18,18,3960,2456,7282.563753,31,29,0.024663,0,NORMAL,0.05,Normal
udp,dns,INT,2,0,114,0,111111.1072,254,0,0.184457,1,HIGH,0.05,Generic
unas,-,INT,2,0,200,0,142857.1409,254,0,0.164527,1,HIGH,0.05,Fuzzers
udp,-,INT,2,0,168,0,1000000.003,254,0,0.066221,1,LOW,0.05,Reconnaissance
tcp,pop3,FIN,24,46,1144,38084,88.558497,62,252,0.235059,1,CRITICAL,0.05,Exploits
unas,-,INT,2,0,200,0,1000000.003,254,0,0.120835,1,MEDIUM,0.05,Exploits
udp,-,INT,2,0,614,0,166666.6608,254,0,0.25807,1,CRITICAL,0.05,Fuzzers
udp,dns,INT,2,0,114,0,333333.3215,254,0,0.182686,1,HIGH,0.05,Generic
udp,dns,INT,2,0,114,0,333333.3215,254,0,0.236206,1,CRITICAL,0.05,Generic
udp,dns,INT,2,0,114,0,111111.1072,254,0,0.194019,1,HIGH,0.05,Generic
fc,-,INT,2,0,200,0,111111.1072,254,0,0.200294,1,CRITICAL,0.05,DoS
ospf,-,INT,180,0,48960,0,2.995312,254,0,0.17489,1,HIGH,0.05,Analysis
tcp,pop3,FIN,40,162,1822,193911,115.235511,62,252,0.275211,1,CRITICAL,0.05,Exploits
tcp,http,FIN,10,8,850,1860,63.406337,62,252,0.119618,1,MEDIUM,0.05,Exploits
udp,dns,INT,2,0,114,0,500000.0013,254,0,0.2668,1,CRITICAL,0.05,Generic
tcp,smtp,FIN,42,22,31189,1922,53.143929,62,252,0.217611,1,CRITICAL,0.05,Exploits
udp,dns,INT,2,0,114,0,333333.3215,254,0,0.217815,1,CRITICAL,0.05,Generic
tcp,smtp,FIN,20,20,2276,1772,47.94901,62,252,0.255228,1,CRITICAL,0.05,Exploits
tcp,http,FIN,10,14,880,9528,27.3702,62,252,0.247061,1,CRITICAL,0.05,Exploits
tcp,-,FIN,40,42,2542,23508,1547.869336,31,29,0.031541,0,NORMAL,0.05,Normal
udp,-,CON,4,4,520,304,4302.396921,31,29,0.041118,0,NORMAL,0.05,Normal
udp,-,INT,2,0,1064,0,100000.0025,254,0,0.107357,1,MEDIUM,0.05,Fuzzers
tcp,-,FIN,18,24,1000,11954,14.15075,62,252,0.210378,1,CRITICAL,0.05,Exploits
tcp,-,REQ,2,0,90,0,333333.3215,254,0,0.013566,0,NORMAL,0.05,Normal
tcp,http,FIN,10,6,742,268,73.964131,254,252,0.168408,1,HIGH,0.05,Reconnaissance
udp,-,INT,2,0,304,0,111111.1072,254,0,0.193223,1,HIGH,0.05,Exploits
udp,dns,INT,2,0,114,0,111111.1072,254,0,0.26323,1,CRITICAL,0.05,Generic
udp,dns,INT,2,0,114,0,111111.1072,254,0,0.074691,1,LOW,0.05,Generic
udp,dns,INT,2,0,114,0,111111.1072,254,0,0.271245,1,CRITICAL,0.05,Generic
udp,dns,INT,2,0,114,0,250000.0006,254,0,0.268053,1,CRITICAL,0.05,Generic
udp,snmp,INT,2,0,136,0,100000.0025,254,0,0.073352,1,LOW,0.05,DoS
tcp,-,FIN,10,6,534,268,14.605435,254,252,0.218743,1,CRITICAL,0.05,Fuzzers
tcp,http,FIN,10,10,816,1142,17.514797,62,252,0.097061,1,MEDIUM,0.05,Exploits
udp,dns,INT,2,0,114,0,111111.1072,254,0,0.060516,1,LOW,0.05,Generic
udp,dns,INT,2,0,114,0,90909.0902,254,0,0.086933,1,MEDIUM,0.05,Generic
tcp,-,FIN,12,12,800,1944,52.461949,62,252,0.250373,1,CRITICAL,0.05,Exploits
tcp,ftp,FIN,12,12,632,682,10.899508,254,252,0.126378,1,HIGH,0.05,Fuzzers
tcp,-,FIN,14,8,8372,412,32.341128,254,252,0.137223,1,HIGH,0.05,Exploits
udp,dns,INT,2,0,114,0,125000.0003,254,0,0.237226,1,CRITICAL,0.05,Generic
tcp,-,FIN,10,8,1612,354,32.954676,254,252,0.023195,0,NORMAL,0.05,Normal
tcp,-,FIN,52,54,3182,39076,5528.061549,31,29,0.045095,0,NORMAL,0.05,Normal
udp,-,INT,2,0,942,0,90909.0902,254,0,0.020854,0,NORMAL,0.05,Normal
tcp,-,FIN,18,18,3744,2456,7334.450941,31,29,0.023809,0,NORMAL,0.05,Normal
tcp,-,FIN,14,12,794,678,29.586499,254,252,0.006779,0,NORMAL,0.05,Normal
cftp,-,INT,2,0,200,0,333333.3215,254,0,0.099423,1,MEDIUM,0.05,Backdoor
udp,dns,INT,2,0,114,0,125000.0003,254,0,0.184298,1,HIGH,0.05,Generic
udp,dns,CON,2,2,146,178,2702.702815,31,29,0.039202,0,NORMAL,0.05,Normal
rsvp,-,INT,2,0,200,0,111111.1072,254,0,0.21292,1,CRITICAL,0.05,Fuzzers
tcp,http,FIN,10,12,830,4678,13.087023,62,252,0.177808,1,HIGH,0.05,Exploits
tcp,-,FIN,12,8,1260,742,38.093558,254,252,0.094444,1,MEDIUM,0.05,Fuzzers
udp,dns,INT,2,0,114,0,200000.0051,254,0,0.234238,1,CRITICAL,0.05,Generic
udp,-,INT,2,0,1066,0,166666.6608,254,0,0.020498,0,NORMAL,0.05,Normal
tcp,ftp,FIN,14,12,810,682,7.803144,254,252,0.024389,0,NORMAL,0.05,Normal
udp,dns,INT,2,0,114,0,111111.1072,254,0,0.201614,1,CRITICAL,0.05,Generic
aris,-,INT,2,0,200,0,125000.0003,254,0,0.119243,1,MEDIUM,0.05,Exploits
tcp,-,FIN,10,8,564,354,20.374678,254,252,0.175965,1,HIGH,0.05,Reconnaissance
tcp,-,FIN,10,8,564,354,16.808185,254,252,0.22413,1,CRITICAL,0.05,Reconnaissance
udp,dns,CON,2,2,132,164,2879.078645,31,29,0.019927,0,NORMAL,0.05,Normal
tcp,-,FIN,64,64,3806,51704,3256.493865,31,29,0.007849,0,NORMAL,0.05,Normal
dgp,-,INT,2,0,200,0,166666.6608,254,0,0.093906,1,MEDIUM,0.05,Exploits
tcp,-,FIN,10,8,534,354,22.313226,254,252,0.021056,0,NORMAL,0.05,Normal
unas,-,INT,2,0,200,0,333333.3215,254,0,0.213613,1,CRITICAL,0.05,Analysis
tcp,http,FIN,24,80,2374,101214,83.268791,62,252,0.249687,1,CRITICAL,0.05,Exploits
tcp,-,FIN,10,6,534,268,30.829625,254,252,0.019681,0,NORMAL,0.05,Normal
tcp,http,FIN,14,18,1684,10168,30.635682,31,29,0.014223,0,NORMAL,0.05,Normal
tcp,-,FIN,10,8,612,354,22.11713,254,252,0.268962,1,CRITICAL,0.05,Shellcode
ipv6-route,-,INT,2,0,200,0,333333.3215,254,0,0.156177,1,HIGH,0.05,Backdoor
tcp,http,FIN,14,18,1684,10168,27.25428,31,29,0.022262,0,NORMAL,0.05,Normal
udp,dns,CON,2,2,146,178,2857.142959,31,29,0.011706,0,NORMAL,0.05,Normal
snp,-,INT,2,0,200,0,166666.6608,254,0,0.055655,1,LOW,0.05,Reconnaissance
tcp,-,FIN,26,72,1364,71942,28.305317,62,252,0.238186,1,CRITICAL,0.05,Exploits
udp,dns,INT,2,0,114,0,111111.1072,254,0,0.225555,1,CRITICAL,0.05,Generic
tcp,-,FIN,108,624,4884,799648,92.397461,62,252,0.259022,1,CRITICAL,0.05,Exploits
udp,dns,INT,2,0,114,0,333333.3215,254,0,0.093142,1,MEDIUM,0.05,Generic
pnni,-,INT,2,0,200,0,111111.1072,254,0,0.189595,1,HIGH,0.05,Reconnaissance
udp,dns,INT,2,0,114,0,111111.1072,254,0,0.160284,1,HIGH,0.05,Generic
udp,dns,INT,2,0,114,0,125000.0003,254,0,0.26751,1,CRITICAL,0.05,Generic
udp,dns,INT,2,0,114,0,111111.1072,254,0,0.235447,1,CRITICAL,0.05,Generic
arp,-,INT,1,0,46,0,0.0,0,0,0.032058,0,NORMAL,0.05,Normal
udp,dns,CON,2,2,130,162,2785.515187,31,29,0.005554,0,NORMAL,0.05,Normal
cbt,-,INT,4,0,360,0,2.935765,254,0,0.122815,1,MEDIUM,0.05,Exploits
tcp,pop3,FIN,20,20,962,3740,45.458573,62,252,0.181919,1,HIGH,0.05,Exploits
scps,-,INT,2,0,200,0,250000.0006,254,0,0.262212,1,CRITICAL,0.05,DoS
tcp,-,FIN,16,18,1540,1644,13.406694,31,29,0.024713,0,NORMAL,0.05,Normal
udp,-,CON,2,2,85,126,93.449215,254,60,0.278889,1,CRITICAL,0.05,Exploits
udp,dns,INT,2,0,114,0,111111.1072,254,0,0.206829,1,CRITICAL,0.05,Generic
udp,-,INT,2,0,1064,0,100000.0025,254,0,0.013431,0,NORMAL,0.05,Normal
unas,-,INT,2,0,200,0,166666.6608,254,0,0.155193,1,HIGH,0.05,Exploits
unas,-,INT,2,0,200,0,111111.1072,254,0,0.209051,1,CRITICAL,0.05,DoS
tcp,http,FIN,10,8,822,1058,10.927037,62,252,0.214699,1,CRITICAL,0.05,Fuzzers
tcp,-,FIN,18,18,3936,2456,7473.841498,31,29,0.044203,0,NORMAL,0.05,Normal
udp,dns,INT,2,0,114,0,1000000.003,254,0,0.12731,1,HIGH,0.05,Generic
udp,dns,INT,2,0,114,0,111111.1072,254,0,0.240204,1,CRITICAL,0.05,Generic
udp,-,INT,2,0,104,0,0.0,254,0,0.026322,0,NORMAL,0.05,Normal
unas,-,INT,2,0,200,0,111111.1072,254,0,0.102667,1,MEDIUM,0.05,Exploits
unas,-,INT,2,0,200,0,111111.1072,254,0,0.202768,1,CRITICAL,0.05,Analysis
tcp,http,FIN,10,8,988,354,18.902961,254,252,0.189359,1,HIGH,0.05,Exploits
tcp,-,FIN,60,14,68183,612,98.590828,254,252,0.195317,1,HIGH,0.05,Fuzzers
tcf,-,INT,2,0,200,0,111111.1072,254,0,0.201239,1,CRITICAL,0.05,Exploits
tcp,-,FIN,40,42,2542,23508,4073.012455,31,29,0.008545,0,NORMAL,0.05,Normal
udp,dns,INT,2,0,114,0,111111.1072,254,0,0.122207,1,MEDIUM,0.05,Generic
tcp,-,FIN,10,6,534,268,43.6577,254,252,0.070265,1,LOW,0.05,Fuzzers
tcp,-,FIN,16,10,972,556,34.545225,254,252,0.040124,0,NORMAL,0.05,Normal
leaf-1,-,INT,2,0,200,0,250000.0006,254,0,0.233328,1,CRITICAL,0.05,DoS
tcp,-,FIN,48,50,2974,30506,6111.391212,31,29,0.04355,0,NORMAL,0.05,Normal
tcp,http,FIN,10,6,960,268,21.482061,254,252,0.157914,1,HIGH,0.05,Exploits
udp,dns,INT,2,0,114,0,250000.0006,254,0,0.138785,1,HIGH,0.05,Generic
tcp,-,FIN,10,6,2516,268,20.654472,254,252,0.005982,0,NORMAL,0.05,Normal
udp,-,INT,2,0,168,0,111111.1072,254,0,0.23817,1,CRITICAL,0.05,Reconnaissance
arp,-,INT,1,0,46,0,0.0,0,0,0.017478,0,NORMAL,0.05,Normal
udp,dns,INT,2,0,114,0,100000.0025,254,0,0.241656,1,CRITICAL,0.05,Generic
udp,-,INT,2,0,104,0,166666.6608,254,0,0.248967,1,CRITICAL,0.05,Fuzzers
udp,dns,INT,2,0,114,0,250000.0006,254,0,0.244697,1,CRITICAL,0.05,Generic
udp,dns,INT,2,0,114,0,166666.6608,254,0,0.222917,1,CRITICAL,0.05,Generic
unas,-,INT,2,0,200,0,333333.3215,254,0,0.256642,1,CRITICAL,0.05,Exploits
unas,-,INT,2,0,200,0,333333.3215,254,0,0.221661,1,CRITICAL,0.05,DoS
tcp,-,FIN,10,6,2516,268,23.082961,254,252,0.241973,1,CRITICAL,0.05,Fuzzers
swipe,-,INT,1,0,60,0,0.0,0,0,0.260646,1,CRITICAL,0.05,Exploits
tcp,http,FIN,10,6,1020,268,26.881047,254,252,0.198812,1,HIGH,0.05,Exploits
tcp,-,FIN,10,6,698,268,29.938806,254,252,0.269155,1,CRITICAL,0.05,Fuzzers
udp,dns,INT,2,0,114,0,111111.1072,254,0,0.210164,1,CRITICAL,0.05,Generic
tcp,-,FIN,12,10,994,814,15.324251,254,252,0.057296,1,LOW,0.05,Fuzzers
tcp,smtp,FIN,50,24,41303,1988,107.66787,62,252,0.250847,1,CRITICAL,0.05,Exploits
tcp,http,FIN,10,6,780,268,68.075062,254,252,0.244947,1,CRITICAL,0.05,Reconnaissance
sctp,-,CON,4,2,728,384,4.637501,254,60,0.110365,1,MEDIUM,0.05,Exploits
udp,dns,INT,2,0,114,0,166666.6608,254,0,0.179989,1,HIGH,0.05,Generic
tcp,http,FIN,124,692,6626,962903,88.020399,62,252,0.215258,1,CRITICAL,0.05,Generic
tcp,-,FIN,10,8,564,354,27.124917,254,252,0.248709,1,CRITICAL,0.05,Reconnaissance
tcp,smtp,FIN,20,20,2618,1814,48.388117,62,252,0.056356,1,LOW,0.05,Exploits
tcp,ssh,FIN,108,114,9504,12298,8310.145165,31,29,0.045603,0,NORMAL,0.05,Normal
udp,dns,INT,2,0,114,0,333333.3215,254,0,0.157664,1,HIGH,0.05,Generic
ospf,-,REQ,52,0,5616,0,0.878357,254,0,0.141206,1,HIGH,0.05,DoS
tcp,-,REQ,10,0,450,0,1.167575,254,0,0.037898,0,NORMAL,0.05,Normal
unas,-,INT,2,0,200,0,142857.1409,254,0,0.068314,1,LOW,0.05,DoS
tcp,-,FIN,12,8,3678,354,17.927793,254,252,0.041687,0,NORMAL,0.05,Normal
tcp,ftp-data,FIN,8,8,364,856,21.757104,62,252,0.058039,1,LOW,0.05,Exploits
udp,dns,CON,2,2,132,164,2803.738322,31,29,0.025335,0,NORMAL,0.05,Normal
tcp,-,FIN,438,858,24640,1094788,181.52967,31,29,0.023935,0,NORMAL,0.05,Normal
ospf,-,INT,42,0,1890,0,37.728591,254,0,0.234481,1,CRITICAL,0.05,DoS
tcp,-,FIN,28,30,4480,3080,79.338785,31,29,0.043086,0,NORMAL,0.05,Normal
udp,dns,INT,2,0,114,0,111111.1072,254,0,0.066854,1,LOW,0.05,Generic
tcp,-,FIN,14,12,774,642,29.388495,254,252,0.233251,1,CRITICAL,0.05,Fuzzers
tcp,-,FIN,60,62,3614,50036,3195.900732,31,29,0.043653,0,NORMAL,0.05,Normal
tcp,smtp,FIN,364,62,487374,2902,120.243482,62,252,0.056626,1,LOW,0.05,Exploits
udp,dns,INT,2,0,114,0,111111.1072,254,0,0.100921,1,MEDIUM,0.05,Generic
tcp,-,FIN,48,50,2974,30506,4418.933224,31,29,0.021239,0,NORMAL,0.05,Normal
unas,-,INT,2,0,200,0,333333.3215,254,0,0.255998,1,CRITICAL,0.05,Exploits
tcp,http,FIN,14,18,1684,10168,28.889908,31,29,0.033964,0,NORMAL,0.05,Normal
unas,-,INT,2,0,200,0,1000000.003,254,0,0.060444,1,LOW,0.05,DoS
udp,dns,INT,2,0,114,0,333333.3215,254,0,0.167264,1,HIGH,0.05,Generic
udp,-,INT,2,0,168,0,111111.1072,254,0,0.157856,1,HIGH,0.05,Reconnaissance
tcp,-,FIN,10,6,2516,268,28.81324,254,252,0.014019,0,NORMAL,0.05,Normal
tcp,-,FIN,10,8,496,354,12.832736,254,252,0.065345,1,LOW,0.05,Exploits
tcp,ssh,FIN,108,114,9504,12298,60.849744,31,29,0.022332,0,NORMAL,0.05,Normal
tcp,-,FIN,14,10,5158,786,15.715202,254,252,0.25595,1,CRITICAL,0.05,Fuzzers
udp,dns,INT,2,0,114,0,100000.0025,254,0,0.278633,1,CRITICAL,0.05,Generic
udp,-,CON,4,4,528,304,194.093991,31,29,0.04243,0,NORMAL,0.05,Normal
tcp,http,FIN,10,6,914,268,28.837115,254,252,0.248541,1,CRITICAL,0.05,Exploits
udp,dns,INT,2,0,114,0,250000.0006,254,0,0.189585,1,HIGH,0.05,Generic
tcp,-,FIN,16,18,1540,1644,1815.481022,31,29,0.008809,0,NORMAL,0.05,Normal
udp,dns,INT,2,0,114,0,111111.1072,254,0,0.243685,1,CRITICAL,0.05,Generic
tcp,-,FIN,16,18,1540,1644,1992.27235,31,29,0.031733,0,NORMAL,0.05,Normal
udp,dns,CON,2,2,146,178,2895.752973,31,29,0.041751,0,NORMAL,0.05,Normal
udp,dns,INT,2,0,114,0,125000.0003,254,0,0.228259,1,CRITICAL,0.05,Generic
tcp,http,FIN,10,8,858,1110,31.014768,62,252,0.024711,0,NORMAL,0.05,Normal
unas,-,INT,2,0,200,0,200000.0051,254,0,0.234609,1,CRITICAL,0.05,Backdoor
udp,dns,INT,2,0,114,0,500000.0013,254,0,0.060224,1,LOW,0.05,Generic
tcp,-,FIN,10,8,534,354,17.991588,254,252,0.02581,0,NORMAL,0.05,Normal
tcp,ftp,CON,14,12,690,950,25.915974,62,252,0.018738,0,NORMAL,0.05,Normal
unas,-,INT,2,0,200,0,111111.1072,254,0,0.249038,1,CRITICAL,0.05,Exploits
udp,dns,INT,2,0,114,0,111111.1072,254,0,0.15234,1,HIGH,0.05,Generic
tcp,http,FIN,12,18,1580,10168,28.867268,31,29,0.041535,0,NORMAL,0.05,Normal
any,-,INT,2,0,200,0,125000.0003,254,0,0.24011,1,CRITICAL,0.05,DoS
udp,dns,INT,2,0,114,0,125000.0003,254,0,0.121625,1,MEDIUM,0.05,Generic
tcp,-,FIN,10,8,534,354,16.009071,254,252,0.018146,0,NORMAL,0.05,Normal
udp,dns,INT,2,0,114,0,125000.0003,254,0,0.060577,1,LOW,0.05,Generic
tcp,smtp,FIN,48,24,40936,1806,23.188504,62,252,0.224338,1,CRITICAL,0.05,Exploits
udp,dns,INT,2,0,114,0,111111.1072,254,0,0.271318,1,CRITICAL,0.05,Generic
tcp,-,FIN,10,6,534,268,26.322393,254,252,0.13476,1,HIGH,0.05,Fuzzers
tcp,-,FIN,14,12,774,642,23.945993,254,252,0.115583,1,MEDIUM,0.05,Fuzzers
udp,dns,INT,2,0,114,0,100000.0025,254,0,0.118973,1,MEDIUM,0.05,Generic
tcp,-,FIN,10,6,524,268,21.353712,254,252,0.017219,0,NORMAL,0.05,Normal
udp,dns,INT,2,0,114,0,111111.1072,254,0,0.194748,1,HIGH,0.05,Generic
tcp,-,FIN,20,22,4120,2664,266.921866,31,29,0.016381,0,NORMAL,0.05,Normal
udp,dns,INT,2,0,114,0,125000.0003,254,0,0.16549,1,HIGH,0.05,Generic
tcp,-,FIN,10,6,910,268,19.289081,254,252,0.011715,0,NORMAL,0.05,Normal
udp,-,INT,2,0,168,0,83333.33039,254,0,0.227669,1,CRITICAL,0.05,Reconnaissance
udp,-,INT,2,0,78,0,111111.1072,254,0,0.030101,0,NORMAL,0.05,Normal
tcp,-,FIN,12,10,2832,621,73.737508,254,252,0.079758,1,MEDIUM,0.05,Exploits
udp,dns,CON,2,2,146,178,2795.899292,31,29,0.028819,0,NORMAL,0.05,Normal
tcp,-,FIN,50,48,3062,32538,4065.89272,31,29,0.028471,0,NORMAL,0.05,Normal
udp,dns,INT,2,0,114,0,125000.0003,254,0,0.153786,1,HIGH,0.05,Generic
udp,dns,INT,2,0,114,0,111111.1072,254,0,0.162957,1,HIGH,0.05,Generic
udp,dns,INT,2,0,114,0,111111.1072,254,0,0.188583,1,HIGH,0.05,Generic
unas,-,INT,2,0,200,0,333333.3215,254,0,0.253307,1,CRITICAL,0.05,Exploits
wb-mon,-,INT,2,0,200,0,111111.1072,254,0,0.121312,1,MEDIUM,0.05,Exploits
tcp,http,FIN,10,8,832,1842,18.922003,62,252,0.241557,1,CRITICAL,0.05,Exploits
udp,dns,INT,2,0,114,0,500000.0013,254,0,0.168027,1,HIGH,0.05,Generic
tcp,http,FIN,14,32,984,34374,54.927885,62,252,0.142261,1,HIGH,0.05,Exploits
tcp,-,FIN,68,70,4014,59460,2987.483134,31,29,0.027811,0,NORMAL,0.05,Normal
udp,-,INT,2,0,168,0,66666.66835,254,0,0.064159,1,LOW,0.05,Reconnaissance
tcp,-,FIN,10,8,564,354,14.850975,254,252,0.188761,1,HIGH,0.05,Reconnaissance
tcp,-,FIN,26,70,1346,72692,55.302362,62,252,0.266207,1,CRITICAL,0.05,Exploits
tcp,ftp,FIN,20,22,1084,1648,47.829977,62,252,0.122757,1,MEDIUM,0.05,Exploits
tcp,-,FIN,10,8,554,354,12.324895,254,252,0.012135,0,NORMAL,0.05,Normal
udp,dns,INT,2,0,114,0,100000.0025,254,0,0.19257,1,HIGH,0.05,Generic
tcp,http,FIN,10,8,808,1330,30.365384,62,252,0.148627,1,HIGH,0.05,Analysis
udp,-,INT,2,0,104,0,100000.0025,254,0,0.119434,1,MEDIUM,0.05,Fuzzers
tcp,-,FIN,10,6,628,268,27.065162,254,252,0.030622,0,NORMAL,0.05,Normal
unas,-,INT,2,0,200,0,111111.1072,254,0,0.248397,1,CRITICAL,0.05,DoS
udp,dns,INT,2,0,114,0,200000.0051,254,0,0.100891,1,MEDIUM,0.05,Generic
udp,dns,CON,2,2,146,178,2884.615377,31,29,0.030413,0,NORMAL,0.05,Normal
crudp,-,INT,2,0,200,0,111111.1072,254,0,0.190632,1,HIGH,0.05,DoS
udp,dns,INT,2,0,114,0,333333.3215,254,0,0.07302,1,LOW,0.05,Generic
unas,-,INT,2,0,200,0,333333.3215,254,0,0.06288,1,LOW,0.05,Exploits
tcp,http,FIN,10,8,1794,1066,15.585649,254,252,0.205947,1,CRITICAL,0.05,Exploits
unas,-,INT,2,0,200,0,111111.1072,254,0,0.164166,1,HIGH,0.05,Exploits
tcp,-,FIN,24,18,2108,1568,0.961032,254,252,0.223639,1,CRITICAL,0.05,Fuzzers
udp,dns,INT,2,0,114,0,200000.0051,254,0,0.109552,1,MEDIUM,0.05,Generic
udp,dns,INT,2,0,114,0,333333.3215,254,0,0.071921,1,LOW,0.05,Generic
udp,-,INT,2,0,104,0,166666.6608,254,0,0.020483,0,NORMAL,0.05,Normal
tcp,-,FIN,10,8,564,354,15.115559,254,252,0.148777,1,HIGH,0.05,Reconnaissance
tcp,http,FIN,8,10,1044,824,4253.189962,31,29,0.022434,0,NORMAL,0.05,Normal
tcp,-,FIN,60,62,3598,48710,1177.569766,31,29,0.017269,0,NORMAL,0.05,Normal
udp,dns,INT,2,0,114,0,111111.1072,254,0,0.128533,1,HIGH,0.05,Generic
tcp,http,FIN,10,6,946,268,25.779574,254,252,0.273186,1,CRITICAL,0.05,Exploits
sun-nd,-,INT,1,0,60,0,0.0,0,0,0.123397,1,MEDIUM,0.05,Fuzzers
udp,-,CON,4,4,520,304,193.873586,31,29,0.029852,0,NORMAL,0.05,Normal
udp,dns,INT,2,0,114,0,200000.0051,254,0,0.233359,1,CRITICAL,0.05,Generic
udp,dns,CON,2,2,146,178,2822.201463,31,29,0.019175,0,NORMAL,0.05,Normal
unas,-,INT,2,0,200,0,111111.1072,254,0,0.150974,1,HIGH,0.05,Exploits
rdp,-,INT,2,0,200,0,200000.0051,254,0,0.073947,1,LOW,0.05,Exploits
udp,dns,INT,2,0,114,0,111111.1072,254,0,0.142012,1,HIGH,0.05,Generic
gmtp,-,INT,2,0,200,0,142857.1409,254,0,0.270708,1,CRITICAL,0.05,DoS
tcp,-,FIN,10,8,590,354,23.62417,254,252,0.275588,1,CRITICAL,0.05,Fuzzers
udp,dns,CON,2,2,146,178,3045.685126,31,29,0.023996,0,NORMAL,0.05,Normal
udp,dns,INT,2,0,114,0,333333.3215,254,0,0.19119,1,HIGH,0.05,Generic
tcp,-,FIN,18,18,3936,2456,5634.256456,31,29,0.018372,0,NORMAL,0.05,Normal
udp,dns,INT,2,0,114,0,333333.3215,254,0,0.138373,1,HIGH,0.05,Generic
udp,dns,INT,2,0,114,0,333333.3215,254,0,0.206823,1,CRITICAL,0.05,Generic
udp,dns,INT,2,0,114,0,200000.0051,254,0,0.157028,1,HIGH,0.05,Generic
unas,-,INT,2,0,200,0,1000000.003,254,0,0.0929,1,MEDIUM,0.05,DoS
ifmp,-,INT,2,0,200,0,142857.1409,254,0,0.129958,1,HIGH,0.05,Analysis
udp,dns,INT,2,0,114,0,250000.0006,254,0,0.090361,1,MEDIUM,0.05,Generic
tcp,http,FIN,12,6,3504,268,20.455631,254,252,0.272373,1,CRITICAL,0.05,Exploits
tcp,-,FIN,10,6,534,268,15.760176,254,252,0.01119,0,NORMAL,0.05,Normal
tcp,-,FIN,10,8,564,354,23.610455,254,252,0.097528,1,MEDIUM,0.05,Reconnaissance
udp,dns,INT,2,0,114,0,125000.0003,254,0,0.247414,1,CRITICAL,0.05,Generic
tcp,-,FIN,10,8,564,354,24.849624,254,252,0.160787,1,HIGH,0.05,Reconnaissance
mobile,-,INT,2,0,200,0,111111.1072,254,0,0.208402,1,CRITICAL,0.05,DoS
udp,dns,INT,2,0,114,0,111111.1072,254,0,0.203845,1,CRITICAL,0.05,Generic
tcp,-,FIN,20,22,4240,2664,262.259013,31,29,0.007837,0,NORMAL,0.05,Normal
udp,-,CON,4,4,528,304,3895.381307,31,29,0.021025,0,NORMAL,0.05,Normal
tcp,-,FIN,10,8,840,452,5.783456,254,252,0.058055,1,LOW,0.05,Exploits
udp,dns,INT,2,0,114,0,333333.3215,254,0,0.216808,1,CRITICAL,0.05,Generic
tcp,-,FIN,10,8,1376,354,16.95676,254,252,0.072943,1,LOW,0.05,Exploits
udp,dns,INT,2,0,114,0,142857.1409,254,0,0.197052,1,HIGH,0.05,Generic
udp,-,INT,2,0,168,0,40000.00101,254,0,0.03751,0,NORMAL,0.05,Normal
udp,dns,INT,2,0,114,0,111111.1072,254,0,0.104909,1,MEDIUM,0.05,Generic
tcp,smtp,FIN,52,42,37268,3380,175.874886,31,29,0.024786,0,NORMAL,0.05,Normal
unas,-,INT,2,0,200,0,111111.1072,254,0,0.273739,1,CRITICAL,0.05,Exploits
tcp,-,FIN,10,6,510,268,60.166299,254,252,0.045804,0,NORMAL,0.05,Normal
udp,dns,INT,2,0,114,0,83333.33039,254,0,0.186145,1,HIGH,0.05,Generic
udp,dns,INT,2,0,114,0,111111.1072,254,0,0.142898,1,HIGH,0.05,Generic
udp,-,INT,2,0,168,0,125000.0003,254,0,0.200098,1,CRITICAL,0.05,Reconnaissance
tcp,-,FIN,10,8,724,354,42.496387,254,252,0.124203,1,MEDIUM,0.05,Shellcode
udp,-,INT,2,0,1422,0,100000.0025,254,0,0.02087,0,NORMAL,0.05,Normal
unas,-,INT,2,0,200,0,250000.0006,254,0,0.116175,1,MEDIUM,0.05,Exploits
tcp,-,FIN,14,8,5644,812,20.325773,254,252,0.261079,1,CRITICAL,0.05,Exploits
tcp,-,FIN,10,6,578,268,51.628356,254,252,0.181249,1,HIGH,0.05,Fuzzers
prm,-,INT,2,0,200,0,111111.1072,254,0,0.123054,1,MEDIUM,0.05,Exploits
udp,dns,INT,2,0,114,0,111111.1072,254,0,0.201544,1,CRITICAL,0.05,Generic
tcp,-,FIN,12,8,1162,742,23.162285,254,252,0.253398,1,CRITICAL,0.05,Fuzzers
tcp,smtp,FIN,54,42,37938,3380,2516.289716,31,29,0.024904,0,NORMAL,0.05,Normal
unas,-,INT,2,0,200,0,333333.3215,254,0,0.265267,1,CRITICAL,0.05,DoS
swipe,-,INT,2,0,200,0,100000.0025,254,0,0.273184,1,CRITICAL,0.05,Exploits
tcp,http,FIN,14,18,1684,10168,30.672358,31,29,0.04015,0,NORMAL,0.05,Normal
unas,-,INT,2,0,200,0,166666.6608,254,0,0.118521,1,MEDIUM,0.05,Exploits
tcp,-,FIN,10,6,2386,268,21.440824,254,252,0.246822,1,CRITICAL,0.05,DoS
mobile,-,INT,1,0,60,0,0.0,0,0,0.156218,1,HIGH,0.05,DoS
udp,-,INT,2,0,1964,0,250000.0006,254,0,0.203187,1,CRITICAL,0.05,Fuzzers
tcp,http,FIN,60,14,68199,612,100.479828,254,252,0.105489,1,MEDIUM,0.05,Fuzzers
tcp,-,FIN,72,74,4238,63516,1081.984607,31,29,0.01991,0,NORMAL,0.05,Normal
tcp,-,FIN,10,8,546,354,14.299894,254,252,0.20737,1,CRITICAL,0.05,Fuzzers
udp,dns,CON,2,2,146,178,2790.69758,31,29,0.03697,0,NORMAL,0.05,Normal
tcp,-,FIN,10,6,2044,268,77.587142,254,252,0.19615,1,HIGH,0.05,DoS
tcp,-,FIN,28,30,4456,3080,163.808161,31,29,0.033971,0,NORMAL,0.05,Normal
udp,dns,INT,2,0,114,0,1000000.003,254,0,0.084022,1,MEDIUM,0.05,Generic
tcp,-,FIN,10,6,534,268,32.575836,254,252,0.021869,0,NORMAL,0.05,Normal
udp,dns,INT,2,0,114,0,125000.0003,254,0,0.211161,1,CRITICAL,0.05,Generic
udp,dns,INT,2,0,114,0,125000.0003,254,0,0.242661,1,CRITICAL,0.05,Generic
tcp,-,FIN,10,10,468,2530,48.600311,62,252,0.131779,1,HIGH,0.05,Exploits
udp,dns,INT,2,0,114,0,333333.3215,254,0,0.24666,1,CRITICAL,0.05,Generic
udp,-,CON,4,4,528,304,10.354141,31,29,0.032049,0,NORMAL,0.05,Normal
tcp,http,FIN,14,18,1684,10168,30.180039,31,29,0.046344,0,NORMAL,0.05,Normal
tcp,-,FIN,60,14,68185,612,52.947275,254,252,0.121461,1,MEDIUM,0.05,Fuzzers
udp,-,INT,2,0,168,0,111111.1072,254,0,0.131579,1,HIGH,0.05,Reconnaissance
unas,-,INT,2,0,200,0,111111.1072,254,0,0.163049,1,HIGH,0.05,DoS
udp,dns,INT,2,0,114,0,111111.1072,254,0,0.158829,1,HIGH,0.05,Generic
udp,dns,INT,2,0,114,0,333333.3215,254,0,0.169498,1,HIGH,0.05,Generic
tcp,http,FIN,14,18,1684,10168,30.542834,31,29,0.032427,0,NORMAL,0.05,Normal
udp,dns,INT,2,0,114,0,250000.0006,254,0,0.073868,1,LOW,0.05,Generic
tcp,-,FIN,12,8,1366,742,15.806239,254,252,0.209506,1,CRITICAL,0.05,Fuzzers
tcp,-,FIN,14,10,774,556,25.249892,254,252,0.035892,0,NORMAL,0.05,Normal
tcp,http,FIN,10,6,956,268,79.579817,254,252,0.090138,1,MEDIUM,0.05,Reconnaissance
tcp,-,FIN,10,6,2516,268,34.988117,254,252,0.041124,0,NORMAL,0.05,Normal
tcp,-,FIN,10,6,2550,268,28.489378,254,252,0.143951,1,HIGH,0.05,Fuzzers
tcp,smtp,FIN,114,32,126952,2174,72.148529,62,252,0.229828,1,CRITICAL,0.05,Exploits
rsvp,-,INT,2,0,200,0,111111.1072,254,0,0.157617,1,HIGH,0.05,DoS
udp,dns,INT,2,0,114,0,125000.0003,254,0,0.128144,1,HIGH,0.05,Generic
tcp,smtp,FIN,30,22,18516,1920,29.411935,62,252,0.258205,1,CRITICAL,0.05,Exploits
udp,dns,CON,2,2,146,178,2876.318242,31,29,0.042651,0,NORMAL,0.05,Normal
tcp,http,FIN,8,10,1052,824,4169.732567,31,29,0.022474,0,NORMAL,0.05,Normal
udp,dns,INT,2,0,114,0,200000.0051,254,0,0.272119,1,CRITICAL,0.05,Generic
tcp,smtp,FIN,52,42,37152,3380,190.261093,31,29,0.023891,0,NORMAL,0.05,Normal
unas,-,INT,2,0,200,0,111111.1072,254,0,0.083285,1,MEDIUM,0.05,Exploits
tcp,ftp-data,FIN,8,12,364,9136,17.289451,62,252,0.216673,1,CRITICAL,0.05,Exploits
tcp,http,FIN,10,14,832,9416,58.238023,62,252,0.217233,1,CRITICAL,0.05,Exploits
tcp,-,FIN,18,18,1002,3930,13.453048,62,252,0.257437,1,CRITICAL,0.05,Exploits
udp,-,CON,4,4,568,320,1114.827187,31,29,0.01689,0,NORMAL,0.05,Normal
tcp,-,FIN,48,50,2974,30506,6104.46807,31,29,0.034587,0,NORMAL,0.05,Normal
udp,dns,INT,2,0,114,0,125000.0003,254,0,0.167464,1,HIGH,0.05,Generic
tcp,-,FIN,48,50,2958,32642,2354.140274,31,29,0.046149,0,NORMAL,0.05,Normal
tcp,-,FIN,50,52,3062,32746,2428.059643,31,29,0.019278,0,NORMAL,0.05,Normal
udp,dns,INT,2,0,114,0,111111.1072,254,0,0.079541,1,MEDIUM,0.05,Generic
udp,dns,INT,2,0,114,0,200000.0051,254,0,0.110273,1,MEDIUM,0.05,Generic
tcp,-,FIN,22,24,1920,4312,1311.341664,31,29,0.020077,0,NORMAL,0.05,Normal
tcp,-,CON,6,2,978,86,9.938439,62,252,0.020929,0,NORMAL,0.05,Normal
udp,dns,INT,2,0,114,0,125000.0003,254,0,0.167921,1,HIGH,0.05,Generic
udp,dns,INT,4,0,320,0,0.600016,63,0,0.047594,0,NORMAL,0.05,Normal
tcp,smtp,FIN,20,20,3404,1864,24.034062,62,252,0.167119,1,HIGH,0.05,Exploits
udp,dns,INT,2,0,114,0,166666.6608,254,0,0.23334,1,CRITICAL,0.05,Generic
tcp,-,FIN,42,42,2646,23508,2811.843546,31,29,0.041027,0,NORMAL,0.05,Normal
tcp,-,FIN,12,8,1878,736,26.480393,254,252,0.214728,1,CRITICAL,0.05,Fuzzers
udp,dns,INT,2,0,114,0,333333.3215,254,0,0.175011,1,HIGH,0.05,Generic
udp,dns,INT,2,0,114,0,111111.1072,254,0,0.124833,1,MEDIUM,0.05,Generic
tcp,-,FIN,12,8,1062,764,30.907477,254,252,0.205988,1,CRITICAL,0.05,Fuzzers
sps,-,INT,2,0,200,0,250000.0006,254,0,0.196762,1,HIGH,0.05,DoS
tcp,-,FIN,10,6,534,268,16.72129,254,252,0.008173,0,NORMAL,0.05,Normal
tcp,pop3,FIN,20,20,944,2570,17.475867,62,252,0.248733,1,CRITICAL,0.05,Exploits
tcp,-,REQ,2,0,90,0,125000.0003,254,0,0.037027,0,NORMAL,0.05,Normal
tcp,-,FIN,16,6,9712,268,86.041596,254,252,0.098913,1,MEDIUM,0.05,Exploits
tcp,ftp-data,FIN,10,22,450,22662,27.547843,62,252,0.109464,1,MEDIUM,0.05,Exploits
tcp,-,FIN,226,438,13038,548216,160.227942,31,29,0.023613,0,NORMAL,0.05,Normal
tcp,-,FIN,22,50,1204,48532,40.959183,62,252,0.184093,1,HIGH,0.05,Exploits
unas,-,INT,2,0,200,0,125000.0003,254,0,0.194884,1,HIGH,0.05,Backdoor
tcp,-,FIN,10,6,534,268,17.730329,254,252,0.031738,0,NORMAL,0.05,Normal
tcp,http,FIN,10,6,722,268,69.184044,254,252,0.161163,1,HIGH,0.05,Exploits
unas,-,INT,2,0,200,0,142857.1409,254,0,0.140264,1,HIGH,0.05,Exploits
rdp,-,INT,2,0,200,0,500000.0013,254,0,0.083792,1,MEDIUM,0.05,Exploits
tcp,-,CON,6,2,978,86,7.001442,62,252,0.044278,0,NORMAL,0.05,Normal
ipx-n-ip,-,INT,2,0,200,0,100000.0025,254,0,0.1432,1,HIGH,0.05,Backdoor
fc,-,INT,2,0,200,0,111111.1072,254,0,0.254994,1,CRITICAL,0.05,DoS
unas,-,INT,2,0,200,0,100000.0025,254,0,0.245932,1,CRITICAL,0.05,DoS
udp,dns,INT,2,0,114,0,166666.6608,254,0,0.201734,1,CRITICAL,0.05,Generic
udp,-,INT,2,0,104,0,333333.3215,254,0,0.189588,1,HIGH,0.05,Fuzzers
tcp,http,FIN,12,10,1300,2092,64.550636,62,252,0.114618,1,MEDIUM,0.05,Exploits
tcp,-,FIN,10,8,724,354,29.696033,254,252,0.071532,1,LOW,0.05,Shellcode
tcp,-,FIN,16,18,1540,1644,1815.081688,31,29,0.018248,0,NORMAL,0.05,Normal
tcp,smtp,FIN,1708,278,2261058,12232,86.750343,62,252,0.069746,1,LOW,0.05,Exploits
tcp,-,FIN,10,8,564,354,14.259089,254,252,0.075121,1,MEDIUM,0.05,Reconnaissance
tcp,-,FIN,78,80,4550,72810,1785.165994,31,29,0.037354,0,NORMAL,0.05,Normal
unas,-,INT,2,0,200,0,200000.0051,254,0,0.147194,1,HIGH,0.05,Exploits
tcp,-,FIN,10,8,564,354,27.074678,254,252,0.210123,1,CRITICAL,0.05,Reconnaissance
udp,dns,CON,2,2,146,178,2941.176566,31,29,0.01405,0,NORMAL,0.05,Normal
udp,dns,CON,2,2,146,178,3112.033175,31,29,0.044827,0,NORMAL,0.05,Normal
udp,dns,INT,2,0,114,0,333333.3215,254,0,0.152675,1,HIGH,0.05,Generic
tcp,ftp-data,FIN,8,12,424,8824,25.891979,31,29,0.04401,0,NORMAL,0.05,Normal
mobile,-,INT,1,0,60,0,0.0,0,0,0.153367,1,HIGH,0.05,DoS
udp,-,INT,2,0,168,0,41666.66519,254,0,0.034434,0,NORMAL,0.05,Normal
arp,-,INT,1,0,46,0,0.0,0,0,0.008136,0,NORMAL,0.05,Normal
udp,-,INT,2,0,486,0,200000.0051,254,0,0.116399,1,MEDIUM,0.05,Fuzzers
tcp,-,FIN,48,50,2958,33044,3654.30995,31,29,0.040944,0,NORMAL,0.05,Normal
tcp,ftp,FIN,52,54,2934,3740,3488.37219,31,29,0.010844,0,NORMAL,0.05,Normal
ipip,-,INT,2,0,200,0,111111.1072,254,0,0.15034,1,HIGH,0.05,Backdoor
tcp,-,FIN,12,12,1064,2260,5758.637749,31,29,0.046463,0,NORMAL,0.05,Normal
tcp,http,FIN,10,6,1008,268,17.273484,254,252,0.228974,1,CRITICAL,0.05,Exploits
udp,dns,INT,2,0,114,0,200000.0051,254,0,0.086853,1,MEDIUM,0.05,Generic
udp,dns,INT,2,0,114,0,111111.1072,254,0,0.249387,1,CRITICAL,0.05,Generic
udp,-,INT,2,0,1064,0,100000.0025,254,0,0.036424,0,NORMAL,0.05,Normal
udp,-,INT,2,0,340,0,166666.6608,254,0,0.255627,1,CRITICAL,0.05,Shellcode
udp,dns,CON,2,2,146,178,2747.252623,31,29,0.024905,0,NORMAL,0.05,Normal
tcp,smtp,FIN,20,20,3610,1740,22.43481,62,252,0.202048,1,CRITICAL,0.05,Exploits
udp,dns,CON,2,2,146,178,2988.047923,31,29,0.03563,0,NORMAL,0.05,Normal
arp,-,INT,1,0,46,0,0.0,0,0,0.009399,0,NORMAL,0.05,Normal
tcp,-,FIN,30,14,23606,728,49.306215,254,252,0.020478,0,NORMAL,0.05,Normal
tcp,-,FIN,52,54,3182,39076,2520.947917,31,29,0.007188,0,NORMAL,0.05,Normal
tcp,-,FIN,22,14,1470,1728,7329.843232,31,29,0.045148,0,NORMAL,0.05,Normal
tcp,-,FIN,12,8,3050,708,30.486583,254,252,0.12407,1,MEDIUM,0.05,Fuzzers
udp,-,CON,4,4,520,304,40.421304,31,29,0.017198,0,NORMAL,0.05,Normal
unas,-,INT,2,0,200,0,166666.6608,254,0,0.057389,1,LOW,0.05,DoS
ospf,-,INT,28,0,12832,0,0.609474,254,0,0.188852,1,HIGH,0.05,Backdoor
tcp,http,FIN,10,8,804,1290,44.55709,62,252,0.272957,1,CRITICAL,0.05,Exploits
tcp,http,FIN,14,18,1684,10168,26.137728,31,29,0.044944,0,NORMAL,0.05,Normal
udp,-,CON,4,4,568,320,1105.670508,31,29,0.018372,0,NORMAL,0.05,Normal
tcp,-,FIN,12,8,1138,770,20.279926,254,252,0.250312,1,CRITICAL,0.05,Fuzzers
tcp,-,FIN,10,8,534,354,19.071145,254,252,0.031952,0,NORMAL,0.05,Normal
tcp,ftp,FIN,12,12,634,682,18.611366,254,252,0.072693,1,LOW,0.05,Fuzzers
tcp,http,FIN,248,1622,10664,2166417,110.780974,62,252,0.190226,1,HIGH,0.05,Generic
udp,dns,INT,2,0,114,0,333333.3215,254,0,0.093617,1,MEDIUM,0.05,Generic
udp,dns,INT,2,0,114,0,142857.1409,254,0,0.276263,1,CRITICAL,0.05,Generic
tcp,http,FIN,8,10,1040,824,4364.569862,31,29,0.016166,0,NORMAL,0.05,Normal
tcp,ftp,FIN,22,22,1198,1646,28.043996,62,252,0.189761,1,HIGH,0.05,Exploits
ipv6-no,-,INT,2,0,200,0,166666.6608,254,0,0.279294,1,CRITICAL,0.05,Reconnaissance
tcp,ftp-data,FIN,6,8,320,1946,280.668433,31,29,0.026604,0,NORMAL,0.05,Normal
tcp,-,FIN,86,86,4966,75600,2920.929896,31,29,0.026209,0,NORMAL,0.05,Normal
udp,dns,INT,2,0,114,0,125000.0003,254,0,0.061983,1,LOW,0.05,Generic
crtp,-,INT,2,0,200,0,333333.3215,254,0,0.142331,1,HIGH,0.05,Exploits
unas,-,INT,2,0,200,0,333333.3215,254,0,0.162588,1,HIGH,0.05,Exploits
tcp,-,FIN,60,62,3598,48710,4862.171326,31,29,0.026676,0,NORMAL,0.05,Normal
tcp,-,FIN,16,18,1540,1644,2418.291063,31,29,0.037374,0,NORMAL,0.05,Normal
tcp,http,FIN,10,8,916,1128,31.337389,62,252,0.180066,1,HIGH,0.05,Exploits
udp,dns,INT,2,0,114,0,166666.6608,254,0,0.136794,1,HIGH,0.05,Generic
tcp,http,FIN,58,14,68115,612,58.308607,254,252,0.130176,1,HIGH,0.05,Fuzzers
tcp,smtp,FIN,72,26,72026,2088,83.45967,62,252,0.091963,1,MEDIUM,0.05,Exploits
tcp,-,FIN,48,50,2958,33044,2022.012793,31,29,0.01195,0,NORMAL,0.05,Normal
tcp,http,FIN,10,6,750,268,74.04665,254,252,0.061425,1,LOW,0.05,Reconnaissance
tcp,http,FIN,10,8,852,1304,13.316309,62,252,0.013878,0,NORMAL,0.05,Normal
udp,dns,INT,2,0,114,0,200000.0051,254,0,0.259144,1,CRITICAL,0.05,Generic
tcp,-,FIN,16,18,1540,1644,18.78627,31,29,0.025001,0,NORMAL,0.05,Normal
udp,-,INT,2,0,1546,0,100000.0025,254,0,0.126431,1,HIGH,0.05,Fuzzers
udp,-,INT,2,0,168,0,111111.1072,254,0,0.12401,1,MEDIUM,0.05,Reconnaissance
st2,-,INT,4,0,360,0,2.974444,254,0,0.230686,1,CRITICAL,0.05,DoS
udp,dns,INT,2,0,114,0,333333.3215,254,0,0.257095,1,CRITICAL,0.05,Generic
tcp,-,FIN,16,10,1562,556,35.656318,254,252,0.124624,1,MEDIUM,0.05,Fuzzers
tcp,smtp,FIN,38,22,30988,1800,33.125447,254,252,0.239037,1,CRITICAL,0.05,Generic
udp,dns,INT,2,0,114,0,333333.3215,254,0,0.145467,1,HIGH,0.05,Generic
unas,-,INT,2,0,200,0,111111.1072,254,0,0.072303,1,LOW,0.05,Exploits
tcp,smtp,FIN,44,24,31359,2050,18.506191,62,252,0.178787,1,HIGH,0.05,Exploits
ospf,-,REQ,54,0,14688,0,0.892367,254,0,0.18458,1,HIGH,0.05,Exploits
tcp,-,FIN,22,24,1920,4312,7387.949377,31,29,0.037693,0,NORMAL,0.05,Normal
tcp,-,FIN,26,44,1352,37812,16.17128,62,252,0.235884,1,CRITICAL,0.05,Exploits
udp,dns,INT,2,0,114,0,166666.6608,254,0,0.215659,1,CRITICAL,0.05,Generic
unas,-,INT,2,0,200,0,111111.1072,254,0,0.06858,1,LOW,0.05,Exploits
tcp,-,FIN,18,20,4016,2560,479.032617,31,29,0.029627,0,NORMAL,0.05,Normal
tcp,-,REQ,8,0,360,0,0.727316,254,0,0.034541,0,NORMAL,0.05,Normal
tcp,-,FIN,10,6,534,268,28.420824,254,252,0.006278,0,NORMAL,0.05,Normal
unas,-,INT,2,0,200,0,200000.0051,254,0,0.110951,1,MEDIUM,0.05,Exploits
unas,-,INT,2,0,200,0,166666.6608,254,0,0.129419,1,HIGH,0.05,Exploits
tcp,http,FIN,10,10,808,1136,24.107912,62,252,0.020744,0,NORMAL,0.05,Normal
tcp,ftp,FIN,24,24,1272,1726,6.57617,62,252,0.07726,1,MEDIUM,0.05,Exploits
tcp,http,FIN,12,12,910,5826,17.204957,62,252,0.103467,1,MEDIUM,0.05,Exploits
udp,-,INT,2,0,104,0,111111.1072,254,0,0.042178,0,NORMAL,0.05,Normal
udp,dns,INT,2,0,114,0,166666.6608,254,0,0.067921,1,LOW,0.05,Generic
tcp,-,FIN,22,24,2054,2478,270.952132,31,29,0.032871,0,NORMAL,0.05,Normal
